,Unnamed: 0,name,age,market_value,fee,loan,ATT,SKI,MOV,POW,MEN,DEF,GK,league_to_encoded,position_Attacking Midfield,position_Central Midfield,position_Centre-Back,position_Centre-Forward,position_Defensive Midfield,position_Goalkeeper,position_Left Midfield,position_Left Winger,position_Left-Back,position_Right Midfield,position_Right Winger,position_Right-Back,position_Second Striker
0,0,Erling Haaland,21,150.0,60.0,False,76.0,70.0,82.0,86.0,75.0,42.0,10.0,9,0,0,0,1,0,0,0,0,0,0,0,0,0
2,1,Antony,22,35.0,95.0,False,54.0,63.0,66.0,51.0,49.0,42.0,11.0,9,0,0,0,0,0,0,0,0,0,0,1,0,0
4,2,Wesley Fofana,21,40.0,80.4,False,50.0,54.0,69.0,62.0,62.0,80.0,11.0,9,0,0,1,0,0,0,0,0,0,0,0,0,0
6,5,Alexander Isak,22,30.0,70.0,False,71.0,78.0,92.0,72.0,68.0,49.0,13.0,9,0,0,0,1,0,0,0,0,0,0,0,0,0
8,6,Matthijs de Ligt,22,70.0,67.0,False,81.0,75.0,71.0,80.0,72.0,34.0,11.0,1,0,0,1,0,0,0,0,0,0,0,0,0,0
10,7,Raheem Sterling,27,70.0,56.2,False,68.0,75.0,79.0,74.0,74.0,79.0,10.0,9,0,0,0,0,0,0,0,1,0,0,0,0,0
12,9,Romelu Lukaku,29,70.0,7.86,True,77.0,73.0,79.0,80.0,74.0,50.0,10.0,11,0,0,0,1,0,0,0,0,0,0,0,0,0
14,10,Marc Cucurella,24,28.0,65.3,False,60.0,57.0,73.0,66.0,63.0,86.0,9.0,9,0,0,0,0,0,0,0,0,1,0,0,0,0
16,11,Federico Chiesa,24,65.0,43.6,False,67.0,73.0,71.0,78.0,74.0,81.0,10.0,11,0,0,0,0,0,0,0,1,0,0,0,0,0
18,14,Richarlison,25,48.0,58.0,False,86.0,82.0,81.0,85.0,81.0,32.0,10.0,9,0,0,0,1,0,0,0,0,0,0,0,0,0
20,19,Cristian Romero,24,48.0,50.0,False,61.0,62.0,71.0,82.0,63.0,85.0,11.0,9,0,0,1,0,0,0,0,0,0,0,0,0,0
22,20,Kalvin Phillips,26,50.0,49.0,False,71.0,78.0,92.0,72.0,68.0,49.0,13.0,9,0,0,0,0,1,0,0,0,0,0,0,0,0
24,21,Carlos Soler,25,50.0,18.0,False,81.0,75.0,71.0,80.0,72.0,34.0,11.0,7,0,1,0,0,0,0,0,0,0,0,0,0,0
26,22,Paul Pogba,29,48.0,0.0,False,68.0,75.0,79.0,74.0,74.0,79.0,10.0,11,0,1,0,0,0,0,0,0,0,0,0,0,0
28,23,Robert Lewandowski,33,45.0,45.0,False,73.0,77.0,87.0,76.0,67.0,51.0,7.0,5,0,0,0,1,0,0,0,0,0,0,0,0,0
60,53,Amine Gouiri,22,42.0,28.0,False,56.0,68.0,84.0,74.0,70.0,74.0,7.0,7,0,0,0,0,0,0,0,1,0,0,0,0,0
61,57,Diego Carlos,29,40.0,31.0,False,73.0,69.0,87.0,73.0,65.0,50.0,12.0,9,0,0,1,0,0,0,0,0,0,0,0,0,0
62,59,Kalidou Koulibaly,31,35.0,38.0,False,76.0,63.0,64.0,68.0,61.0,44.0,11.0,9,0,0,1,0,0,0,0,0,0,0,0,0,0
63,60,Sven Botman,22,30.0,37.0,False,79.0,77.0,76.0,82.0,79.0,57.0,11.0,9,0,0,1,0,0,0,0,0,0,0,0,0,0
64,61,Charles De Ketelaere,21,30.0,36.5,False,67.0,76.0,79.0,64.0,61.0,48.0,12.0,11,1,0,0,0,0,0,0,0,0,0,0,0,0
65,64,Oleksandr Zinchenko,25,25.0,35.0,False,74.0,88.0,86.0,63.0,66.0,33.0,9.0,9,0,0,0,0,0,0,0,0,1,0,0,0,0
66,65,Amadou Onana,20,10.0,35.0,False,48.0,51.0,63.0,59.0,53.0,76.0,9.0,9,0,0,0,0,1,0,0,0,0,0,0,0,0
67,66,Nayef Aguerd,26,12.0,35.0,False,59.0,60.0,75.0,72.0,62.0,70.0,7.0,9,0,0,1,0,0,0,0,0,0,0,0,0,0
68,68,Karim Adeyemi,20,35.0,30.0,False,56.0,58.0,71.0,69.0,63.0,77.0,11.0,1,0,0,0,0,0,0,0,1,0,0,0,0,0
69,69,Yves Bissouma,25,35.0,29.2,False,66.0,70.0,68.0,70.0,74.0,81.0,11.0,9,0,1,0,0,0,0,0,0,0,0,0,0,0
70,70,Timo Werner,26,35.0,20.0,False,58.0,61.0,59.0,67.0,67.0,80.0,10.0,1,0,0,0,1,0,0,0,0,0,0,0,0,0
71,71,Ryan Gravenberch,20,35.0,18.5,False,71.0,64.0,66.0,74.0,66.0,29.0,9.0,1,0,1,0,0,0,0,0,0,0,0,0,0,0
72,72,Paulo Dybala,28,35.0,0.0,False,46.0,43.0,57.0,56.0,55.0,75.0,11.0,11,0,0,0,0,0,0,0,0,0,0,0,0,1
73,74,Andreas Christensen,26,35.0,0.0,False,73.0,71.0,81.0,79.0,70.0,67.0,12.0,5,0,0,1,0,0,0,0,0,0,0,0,0,0
74,75,Nico Schlotterbeck,22,33.0,20.0,False,70.0,57.0,76.0,78.0,62.0,25.0,9.0,1,0,0,1,0,0,0,0,0,0,0,0,0,0
75,76,Brenden Aaronson,21,25.0,32.84,False,68.0,65.0,79.0,71.0,67.0,72.0,10.0,9,1,0,0,0,0,0,0,0,0,0,0,0,0
76,77,Steven Bergwijn,24,18.0,31.25,False,68.0,65.0,80.0,67.0,62.0,23.0,10.0,3,0,0,0,0,0,0,0,1,0,0,0,0,0
77,78,Gianluca Scamacca,23,30.0,28.5,False,72.0,86.0,78.0,70.0,70.0,52.0,10.0,9,0,0,0,1,0,0,0,0,0,0,0,0,0
78,79,Manuel Akanji,27,30.0,20.0,False,68.0,61.0,69.0,79.0,55.0,25.0,11.0,9,0,0,1,0,0,0,0,0,0,0,0,0,0
79,85,Robin Gosens,27,28.0,27.4,False,69.0,75.0,80.0,73.0,73.0,79.0,8.0,11,0,0,0,0,0,0,1,0,0,0,0,0,0
80,86,Leander Dendoncker,27,28.0,15.0,False,72.0,64.0,76.0,79.0,70.0,33.0,11.0,9,0,0,0,0,1,0,0,0,0,0,0,0,0
81,88,Giacomo Raspadori,22,28.0,5.0,True,76.0,86.0,70.0,66.0,69.0,46.0,9.0,11,0,0,0,0,0,0,0,0,0,0,0,0,1
82,91,Mohamed Camara,22,27.0,15.0,False,64.0,64.0,79.0,68.0,55.0,33.0,11.0,7,0,0,0,0,1,0,0,0,0,0,0,0,0
83,92,Xaver Schlager,24,27.0,12.0,False,46.0,50.0,73.0,66.0,60.0,79.0,11.0,1,0,1,0,0,0,0,0,0,0,0,0,0,0
84,93,Denis Zakaria,25,27.0,3.0,True,64.0,65.0,79.0,68.0,62.0,67.0,11.0,9,0,0,0,0,1,0,0,0,0,0,0,0,0
85,94,David Raum,24,20.0,26.0,False,58.0,62.0,63.0,53.0,61.0,51.0,11.0,1,0,0,0,0,0,0,0,0,1,0,0,0,0
86,95,Luis Sinisterra,23,25.0,25.0,False,67.0,76.0,74.0,69.0,65.0,52.0,12.0,9,0,0,0,0,0,0,0,1,0,0,0,0,0
87,96,Merih Demiral,24,25.0,21.0,False,62.0,64.0,72.0,64.0,60.0,72.0,11.0,11,0,0,1,0,0,0,0,0,0,0,0,0,0
88,98,Sasa Kalajdzic,25,25.0,18.0,False,71.0,72.0,82.0,66.0,68.0,55.0,12.0,9,0,0,0,1,0,0,0,0,0,0,0,0,0
89,102,Lucas Ocampos,28,25.0,4.0,True,67.0,60.0,61.0,72.0,71.0,83.0,9.0,3,0,0,0,0,0,0,0,1,0,0,0,0,0
90,105,Conor Coady,29,25.0,0.0,True,65.0,67.0,86.0,71.0,66.0,44.0,10.0,9,0,0,1,0,0,0,0,0,0,0,0,0,0
91,106,Boubacar Kamara,22,25.0,0.0,False,52.0,48.0,59.0,61.0,60.0,78.0,9.0,9,0,0,0,0,1,0,0,0,0,0,0,0,0
92,108,Lorenzo Insigne,31,25.0,0.0,False,56.0,62.0,81.0,67.0,70.0,73.0,9.0,8,0,0,0,0,0,0,0,1,0,0,0,0,0
93,109,Nathan Collins,21,10.0,24.3,False,49.0,53.0,58.0,63.0,58.0,78.0,9.0,9,0,0,1,0,0,0,0,0,0,0,0,0,0
94,111,Calvin Bassey,22,10.0,23.0,False,63.0,61.0,83.0,74.0,64.0,79.0,9.0,3,0,0,1,0,0,0,0,0,0,0,0,0,0
95,114,Sofiane Diop,22,20.0,22.0,False,72.0,70.0,76.0,79.0,65.0,39.0,12.0,7,0,0,0,0,0,0,0,1,0,0,0,0,0
96,116,Thilo Kehrer,25,22.0,12.0,False,72.0,70.0,76.0,79.0,65.0,39.0,12.0,9,0,0,1,0,0,0,0,0,0,0,0,0,0
97,118,Julian Weigl,26,22.0,0.0,True,57.0,50.0,71.0,74.0,61.0,80.0,11.0,1,0,0,0,0,1,0,0,0,0,0,0,0,0
98,119,James Tarkowski,29,22.0,0.0,False,71.0,72.0,70.0,77.0,60.0,24.0,10.0,9,0,0,1,0,0,0,0,0,0,0,0,0,0
99,120,Mauro Icardi,29,22.0,0.0,True,48.0,53.0,64.0,67.0,58.0,82.0,10.0,14,0,0,0,1,0,0,0,0,0,0,0,0,0
100,121,Jan Bednarek,26,22.0,0.0,True,64.0,65.0,79.0,68.0,62.0,67.0,11.0,9,0,0,1,0,0,0,0,0,0,0,0,0,0
101,122,Giovani Lo Celso,26,22.0,0.0,True,71.0,66.0,80.0,75.0,64.0,25.0,11.0,5,1,0,0,0,0,0,0,0,0,0,0,0,0
102,124,Maxwel Cornet,25,15.0,20.7,False,51.0,54.0,60.0,61.0,57.0,72.0,9.0,9,0,0,0,0,0,0,0,1,0,0,0,0,0
103,125,Taiwo Awoniyi,24,20.0,20.5,False,49.0,53.0,59.0,67.0,66.0,79.0,9.0,9,0,0,0,1,0,0,0,0,0,0,0,0,0
104,127,Nahuel Molina,24,20.0,20.0,False,71.0,70.0,72.0,70.0,71.0,71.0,10.0,5,0,0,0,0,0,0,0,0,0,0,0,1,0
105,128,Arnaud Kalimuendo,20,18.0,20.0,False,75.0,75.0,64.0,72.0,67.0,34.0,12.0,7,0,0,0,1,0,0,0,0,0,0,0,0,0
106,129,Philippe Coutinho,30,20.0,20.0,False,68.0,70.0,75.0,70.0,58.0,32.0,10.0,9,1,0,0,0,0,0,0,0,0,0,0,0,0
107,130,Umar Sadiq,25,18.0,20.0,False,77.0,74.0,68.0,72.0,74.0,63.0,8.0,5,0,0,0,1,0,0,0,0,0,0,0,0,0
108,131,Neco Williams,21,8.0,20.0,False,51.0,54.0,67.0,57.0,60.0,80.0,11.0,9,0,0,0,0,0,0,0,0,0,0,0,1,0
109,134,David Neres,25,20.0,15.3,False,44.0,47.0,60.0,51.0,43.0,21.0,10.0,6,0,0,0,0,0,0,0,0,0,0,1,0,0
110,136,Adam Hlozek,19,20.0,13.0,False,66.0,74.0,78.0,67.0,63.0,38.0,11.0,1,0,0,0,1,0,0,0,0,0,0,0,0,0
111,137,Nordi Mukiele,24,20.0,12.0,False,69.0,68.0,75.0,79.0,71.0,73.0,9.0,7,0,0,0,0,0,0,0,0,0,0,0,1,0
112,138,Remo Freuler,30,20.0,9.0,False,63.0,59.0,73.0,63.0,52.0,22.0,7.0,9,0,1,0,0,0,0,0,0,0,0,0,0,0
113,139,Lucas Torreira,26,20.0,6.0,False,57.0,71.0,75.0,70.0,68.0,72.0,7.0,14,0,0,0,0,1,0,0,0,0,0,0,0,0
114,142,Andrea Belotti,28,20.0,0.0,False,16.0,23.0,50.0,51.0,34.0,14.0,80.0,11,0,0,0,1,0,0,0,0,0,0,0,0,0
115,143,Noussair Mazraoui,24,20.0,0.0,False,59.0,73.0,74.0,72.0,68.0,64.0,9.0,1,0,0,0,0,0,0,0,0,0,0,0,1,0
116,145,Christian Eriksen,30,20.0,0.0,False,46.0,46.0,62.0,70.0,53.0,76.0,9.0,9,0,1,0,0,0,0,0,0,0,0,0,0,0
117,147,Andrea Pinamonti,23,20.0,0.0,True,57.0,66.0,80.0,56.0,53.0,22.0,11.0,11,0,0,0,1,0,0,0,0,0,0,0,0,0
118,148,Arthur Theate,22,15.0,19.0,False,61.0,75.0,70.0,62.0,71.0,71.0,11.0,7,0,0,1,0,0,0,0,0,0,0,0,0,0
120,152,Destiny Udogie,19,17.0,18.0,False,71.0,67.0,85.0,77.0,56.0,37.0,11.0,9,0,0,0,0,0,0,0,0,1,0,0,0,0
123,153,Carney Chukwuemeka,18,6.0,18.0,False,50.0,54.0,79.0,60.0,52.0,68.0,9.0,9,0,1,0,0,0,0,0,0,0,0,0,0,0
124,154,Dwight McNeil,22,18.0,17.0,False,67.0,68.0,82.0,66.0,58.0,32.0,13.0,9,0,0,0,0,0,0,0,1,0,0,0,0,0
125,156,Aaron Hickey,20,18.0,14.25,False,69.0,63.0,67.0,68.0,58.0,20.0,12.0,9,0,0,0,0,0,0,0,0,0,0,0,1,0
126,158,Neal Maupay,26,18.0,11.8,False,73.0,57.0,61.0,81.0,70.0,48.0,12.0,9,0,0,0,1,0,0,0,0,0,0,0,0,0
127,160,Mattia Zaccagni,27,18.0,7.1,False,67.0,69.0,67.0,76.0,71.0,77.0,9.0,11,0,0,0,0,0,0,0,1,0,0,0,0,0
128,163,Julian Draxler,28,18.0,2.5,True,46.0,43.0,64.0,60.0,52.0,73.0,11.0,6,0,0,0,0,0,0,0,1,0,0,0,0,0
129,164,Abdou Diallo,26,18.0,1.5,True,62.0,69.0,73.0,63.0,56.0,33.0,9.0,1,0,0,1,0,0,0,0,0,0,0,0,0,0
130,166,Georginio Wijnaldum,31,18.0,0.0,True,58.0,70.0,59.0,65.0,71.0,72.0,10.0,11,0,1,0,0,0,0,0,0,0,0,0,0,0
131,167,Matthias Ginter,28,18.0,0.0,False,53.0,62.0,74.0,66.0,62.0,68.0,11.0,1,0,0,1,0,0,0,0,0,0,0,0,0,0
132,170,Jesse Lingard,29,18.0,0.0,False,62.0,68.0,78.0,57.0,57.0,25.0,10.0,9,1,0,0,0,0,0,0,0,0,0,0,0,0
133,171,Dean Henderson,25,18.0,0.0,True,65.0,70.0,82.0,65.0,70.0,74.0,10.0,9,0,0,0,0,0,1,0,0,0,0,0,0,0
134,172,Daniel James,24,18.0,0.0,True,70.0,70.0,64.0,77.0,73.0,72.0,11.0,9,0,0,0,0,0,0,0,1,0,0,0,0,0
135,174,Issa Diop,25,10.0,17.8,False,60.0,66.0,70.0,55.0,68.0,68.0,10.0,9,0,0,1,0,0,0,0,0,0,0,0,0,0
136,175,Matt Targett,26,17.0,17.5,False,69.0,74.0,71.0,72.0,71.0,69.0,12.0,9,0,0,0,0,0,0,0,0,1,0,0,0,0
137,176,Tyler Adams,23,17.0,17.0,False,61.0,71.0,75.0,78.0,74.0,84.0,9.0,9,0,0,0,0,1,0,0,0,0,0,0,0,0
138,177,Wout Faes,24,10.0,17.0,False,71.0,65.0,63.0,77.0,66.0,29.0,3.0,9,0,0,1,0,0,0,0,0,0,0,0,0,0
139,178,Roman Yaremchuk,26,15.0,17.0,False,70.0,63.0,75.0,76.0,62.0,20.0,12.0,4,0,0,0,1,0,0,0,0,0,0,0,0,0
140,179,Tyrell Malacia,22,17.0,15.0,False,69.0,57.0,70.0,74.0,61.0,30.0,11.0,9,0,0,0,0,0,0,0,0,1,0,0,0,0
141,180,Marcos Senesi,25,17.0,15.0,False,72.0,63.0,73.0,74.0,64.0,19.0,14.0,9,0,0,1,0,0,0,0,0,0,0,0,0,0
142,181,Jordan Veretout,29,17.0,12.45,False,79.0,81.0,62.0,77.0,74.0,77.0,10.0,7,0,1,0,0,0,0,0,0,0,0,0,0,0
143,182,Giovanni Simeone,26,17.0,10.5,False,68.0,80.0,78.0,66.0,61.0,25.0,11.0,11,0,0,0,1,0,0,0,0,0,0,0,0,0
150,185,Leandro Paredes,28,17.0,2.5,True,43.0,41.0,69.0,58.0,51.0,73.0,10.0,11,0,0,0,0,1,0,0,0,0,0,0,0,0
151,187,Chancel Mbemba,27,17.0,0.0,False,63.0,73.0,75.0,65.0,66.0,60.0,9.0,7,0,0,1,0,0,0,0,0,0,0,0,0,0
152,188,Kasper Dolberg,24,17.0,0.0,True,70.0,69.0,74.0,79.0,73.0,72.0,10.0,5,0,0,0,1,0,0,0,0,0,0,0,0,0
153,189,Alessio Romagnoli,27,17.0,0.0,False,55.0,62.0,70.0,65.0,64.0,68.0,11.0,11,0,0,1,0,0,0,0,0,0,0,0,0,0
157,193,Brian Brobbey,20,9.0,16.35,False,67.0,71.0,83.0,75.0,70.0,57.0,10.0,3,0,0,0,1,0,0,0,0,0,0,0,0,0
158,195,Tanguy Nianzou,20,9.0,16.0,False,65.0,67.0,83.0,67.0,63.0,25.0,11.0,5,0,0,1,0,0,0,0,0,0,0,0,0,0
159,198,Arkadiusz Milik,28,16.0,8.0,False,67.0,71.0,78.0,75.0,71.0,69.0,10.0,7,0,0,0,1,0,0,0,0,0,0,0,0,0
161,199,Matteo Pessina,25,16.0,3.2,True,46.0,51.0,65.0,61.0,60.0,72.0,9.0,11,0,1,0,0,0,0,0,0,0,0,0,0,0
164,201,Randal Kolo Muani,23,16.0,0.0,False,60.0,69.0,67.0,66.0,66.0,69.0,8.0,1,0,0,0,1,0,0,0,0,0,0,0,0,0
165,202,Dele Alli,26,16.0,0.0,True,61.0,62.0,80.0,66.0,55.0,26.0,11.0,14,1,0,0,0,0,0,0,0,0,0,0,0,0
166,203,Luiz Felipe,25,16.0,0.0,False,74.0,64.0,72.0,73.0,61.0,38.0,11.0,5,0,0,1,0,0,0,0,0,0,0,0,0,0
167,208,Emerson Palmieri,28,14.0,15.4,False,17.0,16.0,47.0,49.0,33.0,14.0,79.0,9,0,0,0,0,0,0,0,0,1,0,0,0,0
168,209,Takumi Minamino,27,12.0,15.0,False,46.0,38.0,65.0,56.0,54.0,79.0,7.0,7,0,0,0,0,0,0,0,1,0,0,0,0,0
169,210,Beto,24,10.0,15.0,False,71.0,70.0,68.0,75.0,67.0,35.0,10.0,11,0,0,0,1,0,0,0,0,0,0,0,0,0
170,211,Mikkel Damsgaard,22,15.0,15.0,False,81.0,79.0,79.0,83.0,77.0,73.0,8.0,9,0,0,0,0,0,0,0,1,0,0,0,0,0
171,213,Khvicha Kvaratskhelia,21,15.0,13.3,False,59.0,66.0,76.0,70.0,70.0,73.0,11.0,11,0,0,0,0,0,0,0,1,0,0,0,0,0
172,214,Rasmus Kristensen,24,15.0,13.0,False,62.0,70.0,76.0,53.0,58.0,38.0,11.0,9,0,0,0,0,0,0,0,0,0,0,0,1,0
173,216,Orel Mangala,24,15.0,13.0,False,66.0,72.0,65.0,78.0,67.0,64.0,13.0,9,0,1,0,0,0,0,0,0,0,0,0,0,0
174,217,Breel Embolo,25,15.0,12.5,False,70.0,60.0,66.0,76.0,59.0,22.0,10.0,7,0,0,0,1,0,0,0,0,0,0,0,0,0
175,219,Nick Pope,30,15.0,11.5,False,40.0,41.0,58.0,54.0,49.0,68.0,12.0,9,0,0,0,0,0,1,0,0,0,0,0,0,0
176,220,Mattias Svanberg,23,15.0,9.5,False,59.0,61.0,75.0,71.0,66.0,71.0,10.0,1,0,1,0,0,0,0,0,0,0,0,0,0,0
177,221,Jonathan Clauss,29,15.0,7.5,False,23.0,21.0,60.0,52.0,34.0,14.0,80.0,7,0,0,0,0,0,0,0,0,0,0,0,1,0
180,223,Konstantinos Mavropanos,24,15.0,3.2,False,13.0,15.0,44.0,40.0,28.0,12.0,65.0,1,0,0,1,0,0,0,0,0,0,0,0,0,0
181,226,Amad Diallo,20,15.0,0.0,True,71.0,59.0,60.0,77.0,64.0,27.0,10.0,2,0,0,0,0,0,0,0,0,0,0,1,0,0
182,227,Harry Winks,26,15.0,0.0,True,67.0,58.0,65.0,77.0,62.0,25.0,10.0,11,0,0,0,0,1,0,0,0,0,0,0,0,0
183,228,Alexandre Lacazette,31,15.0,0.0,False,58.0,63.0,77.0,71.0,67.0,73.0,10.0,7,0,0,0,1,0,0,0,0,0,0,0,0,0
184,229,Corentin Tolisso,27,15.0,0.0,False,18.0,23.0,56.0,51.0,34.0,20.0,79.0,7,0,1,0,0,0,0,0,0,0,0,0,0,0
185,230,Justin Kluivert,23,15.0,0.0,True,61.0,60.0,68.0,76.0,67.0,73.0,9.0,5,0,0,0,0,0,0,0,1,0,0,0,0,0
186,231,Emmanuel Dennis,24,14.0,14.8,False,73.0,71.0,70.0,70.0,64.0,28.0,11.0,9,0,0,0,0,0,0,0,1,0,0,0,0,0
187,232,Djed Spence,21,8.0,14.7,False,15.0,18.0,36.0,39.0,22.0,10.0,77.0,9,0,0,0,0,0,0,0,0,0,0,0,1,0
188,233,Diego Rossi,24,14.5,5.5,False,67.0,72.0,69.0,76.0,70.0,69.0,10.0,14,0,0,0,0,0,0,0,1,0,0,0,0,0
189,234,Gavin Bazunu,20,5.0,14.0,False,61.0,60.0,68.0,67.0,55.0,29.0,11.0,9,0,0,0,0,0,1,0,0,0,0,0,0,0
190,235,Mohamed Bayo,24,12.0,14.0,False,64.0,64.0,76.0,61.0,63.0,73.0,7.0,7,0,0,0,1,0,0,0,0,0,0,0,0,0
191,237,Sebastian Szymanski,23,14.0,2.0,True,18.0,19.0,48.0,38.0,30.0,17.0,72.0,3,1,0,0,0,0,0,0,0,0,0,0,0,0
192,238,Wout Weghorst,29,14.0,0.0,True,59.0,64.0,67.0,68.0,63.0,64.0,12.0,14,0,0,0,1,0,0,0,0,0,0,0,0,0
193,240,Kayky,19,14.0,0.0,True,64.0,74.0,83.0,64.0,61.0,39.0,9.0,6,0,0,0,0,0,0,0,0,0,0,1,0,0
194,241,Yangel Herrera,24,14.0,0.0,True,55.0,57.0,76.0,55.0,59.0,72.0,11.0,5,0,1,0,0,0,0,0,0,0,0,0,0,0
195,242,Jason Denayer,27,14.0,0.0,False,60.0,67.0,72.0,69.0,72.0,73.0,7.0,0,0,0,1,0,0,0,0,0,0,0,0,0,0
196,243,Fredrik Aursnes,26,12.0,13.0,False,62.0,67.0,78.0,68.0,59.0,41.0,9.0,6,0,0,0,0,1,0,0,0,0,0,0,0,0
197,245,Mattia Viti,20,7.0,13.0,False,62.0,62.0,75.0,63.0,55.0,35.0,10.0,7,0,0,1,0,0,0,0,0,0,0,0,0,0
198,248,Calvin Stengs,23,13.0,0.0,True,45.0,50.0,65.0,52.0,54.0,70.0,9.0,4,1,0,0,0,0,0,0,0,0,0,0,0,0
199,249,Ethan Ampadu,21,13.0,0.0,True,73.0,58.0,70.0,76.0,66.0,23.0,12.0,11,0,0,0,0,1,0,0,0,0,0,0,0,0
200,252,Marc Roca,25,7.0,12.0,False,64.0,71.0,80.0,73.0,61.0,37.0,10.0,9,0,0,0,0,1,0,0,0,0,0,0,0,0
201,253,Alexis Beka Beka,21,3.0,12.0,False,71.0,72.0,78.0,74.0,65.0,30.0,11.0,7,0,0,0,0,1,0,0,0,0,0,0,0,0
202,254,Stanley Nsoki,23,7.0,12.0,False,72.0,80.0,77.0,63.0,73.0,56.0,10.0,1,0,0,1,0,0,0,0,0,0,0,0,0,0
203,255,Chris Richards,22,7.5,12.0,False,63.0,70.0,74.0,71.0,65.0,57.0,12.0,9,0,0,1,0,0,0,0,0,0,0,0,0,0
204,259,Gabriel Veron,19,12.0,10.34,False,71.0,74.0,81.0,73.0,64.0,20.0,12.0,6,0,0,0,0,0,0,0,0,0,0,1,0,0
205,261,Owen Wijndal,22,12.0,10.0,False,62.0,67.0,78.0,68.0,59.0,41.0,9.0,3,0,0,0,0,0,0,0,0,1,0,0,0,0
206,262,Marko Grujic,26,12.0,9.0,False,68.0,66.0,79.0,64.0,62.0,34.0,11.0,6,0,0,0,0,1,0,0,0,0,0,0,0,0
207,263,Samuele Ricci,20,12.0,8.5,False,58.0,63.0,76.0,66.0,61.0,61.0,9.0,11,0,0,0,0,1,0,0,0,0,0,0,0,0
208,264,Billy Gilmour,21,12.0,8.3,False,65.0,62.0,73.0,68.0,62.0,32.0,11.0,9,0,0,0,0,1,0,0,0,0,0,0,0,0
209,265,Angelo Fulgini,25,12.0,6.0,False,53.0,57.0,61.0,63.0,64.0,73.0,9.0,1,1,0,0,0,0,0,0,0,0,0,0,0,0
210,268,Idrissa Gueye,32,12.0,4.0,False,78.0,75.0,79.0,71.0,64.0,30.0,11.0,9,0,1,0,0,0,0,0,0,0,0,0,0,0
211,271,Andrea Petagna,27,12.0,2.5,True,60.0,72.0,79.0,59.0,57.0,44.0,10.0,11,0,0,0,1,0,0,0,0,0,0,0,0,0
212,272,Boulaye Dia,25,12.0,1.0,True,71.0,68.0,69.0,74.0,73.0,57.0,11.0,11,0,0,0,1,0,0,0,0,0,0,0,0,0
213,273,Krzysztof Piatek,27,12.0,1.0,True,70.0,71.0,77.0,78.0,70.0,67.0,12.0,11,0,0,0,1,0,0,0,0,0,0,0,0,0
214,275,Divock Origi,27,12.0,0.0,False,65.0,70.0,59.0,75.0,63.0,76.0,9.0,11,0,0,0,1,0,0,0,0,0,0,0,0,0
215,277,Marcos Alonso,31,12.0,0.0,False,46.0,48.0,64.0,57.0,55.0,76.0,9.0,5,0,0,0,0,0,0,0,0,1,0,0,0,0
216,279,Adnan Januzaj,27,12.0,0.0,False,70.0,74.0,80.0,78.0,62.0,22.0,10.0,5,0,0,0,0,0,0,0,0,0,0,1,0,0
217,282,Sam Johnstone,29,12.0,0.0,False,59.0,63.0,76.0,72.0,67.0,70.0,12.0,9,0,0,0,0,0,1,0,0,0,0,0,0,0
218,284,Marcus Tavernier,23,4.5,11.9,False,52.0,55.0,71.0,53.0,61.0,69.0,8.0,9,0,0,0,0,0,0,0,1,0,0,0,0,0
219,287,Joshua Zirkzee,21,11.0,8.5,False,65.0,61.0,67.0,75.0,63.0,70.0,10.0,11,0,0,0,1,0,0,0,0,0,0,0,0,0
220,288,Matheus Henrique,24,11.0,7.0,False,52.0,55.0,71.0,53.0,61.0,69.0,8.0,11,0,1,0,0,0,0,0,0,0,0,0,0,0
221,290,Mady Camara,25,11.0,1.5,True,67.0,70.0,81.0,68.0,68.0,43.0,10.0,11,0,1,0,0,0,0,0,0,0,0,0,0,0
222,291,Flynn Downes,23,2.0,10.65,False,58.0,64.0,78.0,63.0,65.0,72.0,9.0,9,0,1,0,0,0,0,0,0,0,0,0,0,0
223,293,James Garner,21,7.0,10.4,False,52.0,63.0,58.0,61.0,59.0,75.0,11.0,9,0,0,0,0,1,0,0,0,0,0,0,0,0
224,295,Jakub Kaminski,20,10.0,10.0,False,17.0,15.0,51.0,44.0,32.0,17.0,77.0,1,0,0,0,0,0,0,0,1,0,0,0,0,0
225,298,Giulian Biancone,22,4.0,10.0,False,68.0,58.0,73.0,81.0,64.0,28.0,13.0,9,0,0,1,0,0,0,0,0,0,0,0,0,0
226,299,Junya Ito,29,7.5,10.0,False,68.0,66.0,81.0,75.0,66.0,24.0,8.0,7,0,0,0,0,0,0,0,0,0,0,1,0,0
227,300,Borja Mayoral,25,9.0,10.0,False,67.0,61.0,67.0,81.0,61.0,30.0,10.0,5,0,0,0,1,0,0,0,0,0,0,0,0,0
228,301,Ademola Lookman,24,10.0,9.2,False,52.0,47.0,57.0,65.0,52.0,74.0,11.0,11,0,0,0,0,0,0,0,0,0,0,0,0,1
229,302,Guglielmo Vicario,25,10.0,8.5,False,67.0,61.0,67.0,81.0,61.0,30.0,10.0,11,0,0,0,0,0,1,0,0,0,0,0,0,0
230,303,Rolando Mandragora,25,10.0,8.2,False,59.0,55.0,70.0,67.0,63.0,76.0,12.0,11,0,0,0,0,1,0,0,0,0,0,0,0,0
231,304,Joe Aribo,25,10.0,7.1,False,66.0,72.0,76.0,72.0,64.0,46.0,11.0,9,0,1,0,0,0,0,0,0,0,0,0,0,0
232,305,Ozan Kabak,22,10.0,7.0,False,70.0,76.0,79.0,65.0,63.0,47.0,10.0,1,0,0,1,0,0,0,0,0,0,0,0,0,0
233,306,Gianluca Caprari,28,10.0,5.0,False,56.0,54.0,71.0,72.0,54.0,19.0,9.0,11,0,0,0,0,0,0,0,0,0,0,0,0,1
235,307,Kristjan Asllani,20,10.0,4.5,True,66.0,70.0,85.0,64.0,64.0,42.0,11.0,11,0,0,0,0,1,0,0,0,0,0,0,0,0
236,308,Wilfried Gnonto,18,10.0,4.5,False,60.0,67.0,82.0,61.0,54.0,15.0,10.0,9,0,0,0,0,0,0,0,1,0,0,0,0,0
237,310,Hugo Duro,22,10.0,4.0,False,49.0,50.0,61.0,59.0,45.0,62.0,11.0,5,0,0,0,1,0,0,0,0,0,0,0,0,0
238,311,Michy Batshuayi,28,10.0,3.5,False,68.0,61.0,65.0,69.0,56.0,23.0,9.0,14,0,0,0,1,0,0,0,0,0,0,0,0,0
241,315,Aster Vranckx,19,10.0,2.0,True,60.0,65.0,82.0,69.0,65.0,73.0,10.0,11,0,1,0,0,0,0,0,0,0,0,0,0,0
242,319,Pierluigi Gollini,27,10.0,490000.0,True,53.0,55.0,67.0,63.0,64.0,76.0,11.0,11,0,0,0,0,0,1,0,0,0,0,0,0,0
243,321,Alessio Cragno,28,10.0,400000.0,True,75.0,79.0,73.0,77.0,74.0,75.0,11.0,11,0,0,0,0,0,1,0,0,0,0,0,0,0
244,322,Stefan Posch,25,10.0,350000.0,True,63.0,69.0,73.0,74.0,71.0,81.0,12.0,11,0,0,0,0,0,0,0,0,0,0,0,1,0
245,324,Serhou Guirassy,26,10.0,0.0,True,66.0,78.0,76.0,72.0,69.0,50.0,12.0,1,0,0,0,1,0,0,0,0,0,0,0,0,0
246,325,Ivan Perisic,33,10.0,0.0,False,70.0,66.0,73.0,72.0,64.0,36.0,12.0,9,0,0,0,0,0,0,1,0,0,0,0,0,0
247,326,Allan,31,10.0,0.0,False,72.0,73.0,69.0,73.0,66.0,32.0,8.0,0,0,0,0,0,1,0,0,0,0,0,0,0,0
248,328,Amine Harit,25,10.0,0.0,True,62.0,58.0,72.0,70.0,53.0,19.0,12.0,7,1,0,0,0,0,0,0,0,0,0,0,0,0
249,329,Ander Herrera,33,10.0,0.0,True,67.0,60.0,70.0,72.0,62.0,30.0,8.0,5,0,1,0,0,0,0,0,0,0,0,0,0,0
250,330,Alex Mowatt,27,10.0,0.0,True,56.0,61.0,79.0,67.0,53.0,22.0,10.0,2,0,1,0,0,0,0,0,0,0,0,0,0,0
251,331,Cyle Larin,27,10.0,0.0,False,21.0,28.0,56.0,52.0,36.0,19.0,80.0,4,0,0,0,1,0,0,0,0,0,0,0,0,0
252,332,Federico Bernardeschi,28,10.0,0.0,False,53.0,61.0,70.0,53.0,63.0,53.0,8.0,8,0,0,0,0,0,0,0,0,0,0,1,0,0
253,335,Ahmetcan Kaplan,19,2.8,9.5,False,66.0,63.0,75.0,65.0,57.0,28.0,12.0,3,0,0,1,0,0,0,0,0,0,0,0,0,0
254,339,Lewis O'Brien,23,3.5,9.4,False,66.0,75.0,80.0,72.0,70.0,69.0,14.0,9,0,1,0,0,0,0,0,0,0,0,0,0,0
255,340,Alphonse Areola,29,8.0,9.3,False,43.0,49.0,64.0,56.0,54.0,74.0,8.0,9,0,0,0,0,0,1,0,0,0,0,0,0,0
256,341,Brandon Soppy,20,5.0,9.1,False,61.0,72.0,70.0,65.0,61.0,56.0,9.0,11,0,0,0,0,0,0,0,0,0,0,0,1,0
257,342,Gabriel Slonina,18,3.0,9.09,False,65.0,64.0,71.0,71.0,64.0,72.0,12.0,9,0,0,0,0,0,1,0,0,0,0,0,0,0
259,343,Christopher Wooh,20,3.0,9.0,False,75.0,66.0,58.0,75.0,70.0,21.0,11.0,7,0,0,1,0,0,0,0,0,0,0,0,0,0
260,344,Andrea Colpani,23,2.4,9.0,False,61.0,65.0,69.0,67.0,67.0,73.0,8.0,11,1,0,0,0,0,0,0,0,0,0,0,0,0
261,346,Andreas Cornelius,29,9.0,6.0,False,49.0,53.0,61.0,59.0,55.0,52.0,12.0,13,0,0,0,1,0,0,0,0,0,0,0,0,0
262,347,Adam Buksa,25,9.0,6.0,False,60.0,56.0,70.0,66.0,50.0,15.0,12.0,7,0,0,0,1,0,0,0,0,0,0,0,0,0
263,348,Kevin Mbabu,27,9.0,5.5,False,69.0,74.0,72.0,77.0,72.0,73.0,12.0,9,0,0,0,0,0,0,0,0,0,0,0,1,0
264,349,Bernd Leno,30,9.0,3.6,False,68.0,65.0,71.0,78.0,63.0,32.0,10.0,9,0,0,0,0,0,1,0,0,0,0,0,0,0
265,350,Kristijan Jakic,25,9.0,3.5,False,56.0,60.0,69.0,62.0,57.0,48.0,10.0,1,0,0,0,0,1,0,0,0,0,0,0,0,0
266,351,Anwar El Ghazi,27,9.0,2.5,False,63.0,71.0,75.0,70.0,69.0,74.0,12.0,3,0,0,0,0,0,0,0,0,0,0,1,0,0
267,352,Predrag Rajkovic,26,9.0,2.0,False,62.0,59.0,70.0,75.0,66.0,40.0,12.0,5,0,0,0,0,0,1,0,0,0,0,0,0,0
268,353,Nikola Moro,24,9.0,1.5,True,52.0,61.0,53.0,68.0,67.0,81.0,13.0,11,0,0,0,0,1,0,0,0,0,0,0,0,0
269,354,Ricardo Pepi,19,9.0,500000.0,True,59.0,65.0,71.0,70.0,64.0,70.0,10.0,3,0,0,0,1,0,0,0,0,0,0,0,0,0
270,355,Luca Pellegrini,23,9.0,0.0,True,77.0,75.0,80.0,72.0,74.0,73.0,10.0,1,0,0,0,0,0,0,0,0,1,0,0,0,0
271,357,Freddie Woodman,25,9.0,0.0,False,55.0,60.0,81.0,62.0,50.0,22.0,9.0,2,0,0,0,0,0,1,0,0,0,0,0,0,0
272,360,Ilaix Moriba,19,9.0,0.0,True,68.0,70.0,60.0,77.0,67.0,63.0,10.0,5,0,1,0,0,0,0,0,0,0,0,0,0,0
273,364,Malick Thiaw,21,6.0,8.8,False,57.0,71.0,74.0,60.0,57.0,44.0,12.0,11,0,0,1,0,0,0,0,0,0,0,0,0,0
274,365,Ritsu Doan,24,8.0,8.5,False,71.0,61.0,62.0,76.0,68.0,36.0,10.0,1,0,0,0,0,0,0,0,0,0,0,1,0,0
275,366,Omar Richards,24,7.0,8.5,False,61.0,63.0,74.0,61.0,65.0,70.0,11.0,9,0,0,0,0,0,0,0,0,1,0,0,0,0
276,367,Giulio Maggiore,24,8.5,3.5,False,66.0,63.0,67.0,66.0,55.0,24.0,9.0,11,0,1,0,0,0,0,0,0,0,0,0,0,0
277,369,Jens Petter Hauge,22,8.0,8.2,False,51.0,55.0,56.0,56.0,62.0,69.0,10.0,1,0,0,0,0,0,0,0,1,0,0,0,0,0
279,370,Vedat Muriqi,28,7.0,8.02,False,19.0,19.0,54.0,46.0,29.0,13.0,74.0,5,0,0,0,1,0,0,0,0,0,0,0,0,0
280,371,Nathan Ngoumou,22,2.5,8.0,False,65.0,66.0,64.0,71.0,65.0,59.0,10.0,1,0,0,0,0,0,0,0,0,0,0,1,0,0
281,372,Alexander Bah,24,7.0,8.0,False,37.0,37.0,55.0,48.0,48.0,67.0,9.0,6,0,0,0,0,0,0,0,0,0,0,0,1,0
282,375,Simon Adingra,20,1.5,8.0,False,66.0,63.0,77.0,71.0,58.0,23.0,10.0,9,0,0,0,0,0,0,0,1,0,0,0,0,0
283,378,Kaiky,18,8.0,7.0,False,65.0,66.0,60.0,75.0,70.0,68.0,12.0,5,0,0,1,0,0,0,0,0,0,0,0,0,0
284,379,Lucas Alario,29,8.0,6.0,False,68.0,65.0,75.0,73.0,60.0,32.0,10.0,1,0,0,0,1,0,0,0,0,0,0,0,0,0
285,380,Flavius Daniliuc,21,8.0,5.8,False,46.0,50.0,56.0,55.0,52.0,73.0,11.0,11,0,0,1,0,0,0,0,0,0,0,0,0,0
286,381,Patrick Wimmer,21,8.0,5.0,False,52.0,50.0,72.0,60.0,56.0,77.0,12.0,1,0,0,0,0,0,0,0,0,0,0,1,0,0
287,383,Anders Dreyer,24,8.0,5.0,False,43.0,51.0,60.0,61.0,50.0,71.0,9.0,13,0,0,0,0,0,0,0,0,0,0,1,0,0
288,385,Denis Bouanga,27,8.0,4.55,False,58.0,65.0,79.0,62.0,61.0,77.0,12.0,8,0,0,0,0,0,0,0,1,0,0,0,0,0
289,386,Enis Bardhi,27,8.0,3.0,False,61.0,67.0,72.0,70.0,67.0,73.0,11.0,14,1,0,0,0,0,0,0,0,0,0,0,0,0
290,387,Kastriot Imeri,22,8.0,3.0,False,64.0,62.0,70.0,76.0,60.0,26.0,7.0,0,0,0,0,0,0,0,1,0,0,0,0,0,0
291,389,Haris Seferovic,30,8.0,1.0,True,67.0,75.0,67.0,75.0,71.0,67.0,10.0,14,0,0,0,1,0,0,0,0,0,0,0,0,0
292,390,Malang Sarr,23,8.0,1.0,True,69.0,63.0,77.0,72.0,63.0,28.0,10.0,7,0,0,1,0,0,0,0,0,0,0,0,0,0
293,393,Alejandro Pozuelo,30,8.0,136000.0,False,59.0,61.0,74.0,76.0,68.0,76.0,9.0,8,1,0,0,0,0,0,0,0,0,0,0,0,0
294,394,Jordan Larsson,25,8.0,0.0,False,47.0,52.0,53.0,60.0,53.0,76.0,11.0,1,0,0,0,1,0,0,0,0,0,0,0,0,0
295,396,Henrikh Mkhitaryan,33,8.0,0.0,False,72.0,66.0,77.0,77.0,67.0,30.0,10.0,11,0,1,0,0,0,0,0,0,0,0,0,0,0
298,399,Christos Tzolis,20,8.0,0.0,True,53.0,51.0,67.0,76.0,60.0,70.0,12.0,3,0,0,0,0,0,0,0,1,0,0,0,0,0
299,401,Kacper Kozlowski,18,8.0,0.0,True,65.0,74.0,70.0,71.0,69.0,76.0,11.0,3,0,1,0,0,0,0,0,0,0,0,0,0,0
300,403,Tyler Roberts,23,8.0,0.0,True,70.0,73.0,50.0,69.0,73.0,77.0,11.0,2,0,0,0,1,0,0,0,0,0,0,0,0,0
301,404,Zinho Vanheusden,22,8.0,0.0,True,60.0,65.0,75.0,71.0,66.0,63.0,10.0,3,0,0,1,0,0,0,0,0,0,0,0,0,0
302,405,Abdallah Sima,21,8.0,0.0,True,52.0,52.0,59.0,57.0,60.0,72.0,11.0,7,0,0,0,0,0,0,0,0,0,0,1,0,0
303,407,Marco Carnesecchi,22,8.0,0.0,True,46.0,46.0,60.0,58.0,57.0,78.0,11.0,11,0,0,0,0,0,1,0,0,0,0,0,0,0
304,409,Munir El Haddadi,26,8.0,0.0,False,68.0,75.0,68.0,76.0,75.0,71.0,11.0,5,0,0,0,0,0,0,0,0,0,0,1,0,0
305,410,Reinier,20,8.0,0.0,True,63.0,58.0,69.0,71.0,59.0,28.0,12.0,5,1,0,0,0,0,0,0,0,0,0,0,0,0
306,413,Bartol Franjic,22,4.5,7.5,False,50.0,46.0,41.0,68.0,60.0,74.0,11.0,1,0,0,0,0,1,0,0,0,0,0,0,0,0
307,414,Takefusa Kubo,21,7.5,6.5,False,61.0,66.0,71.0,70.0,62.0,70.0,10.0,5,0,0,0,0,0,0,0,0,0,0,1,0,0
308,415,Guus Til,24,7.5,3.0,False,68.0,71.0,66.0,73.0,70.0,69.0,10.0,3,1,0,0,0,0,0,0,0,0,0,0,0,0
309,416,Ezgjan Alioski,30,7.5,0.0,True,59.0,72.0,67.0,61.0,68.0,70.0,10.0,14,0,0,0,0,0,0,0,0,1,0,0,0,0
310,420,Quinten Timber,21,4.0,7.4,False,48.0,54.0,66.0,61.0,57.0,70.0,12.0,3,0,1,0,0,0,0,0,0,0,0,0,0,0
311,422,Perr Schuurs,22,7.0,9.4,False,59.0,66.0,74.0,63.0,66.0,63.0,7.0,11,0,0,1,0,0,0,0,0,0,0,0,0,0
312,424,Matteo Lovato,22,7.0,7.0,False,64.0,61.0,64.0,59.0,56.0,42.0,8.0,11,0,0,1,0,0,0,0,0,0,0,0,0,0
313,425,Strahinja Pavlovic,21,5.0,7.0,False,17.0,20.0,48.0,42.0,32.0,12.0,79.0,1,0,0,1,0,0,0,0,0,0,0,0,0,0
314,427,Aaron Boupendza,26,7.0,7.0,False,65.0,68.0,78.0,69.0,59.0,30.0,11.0,10,0,0,0,1,0,0,0,0,0,0,0,0,0
315,431,Luan Peres,28,7.0,5.23,False,60.0,58.0,75.0,73.0,58.0,39.0,12.0,14,0,0,1,0,0,0,0,0,0,0,0,0,0
316,433,Fabien Centonze,26,7.0,4.0,False,66.0,61.0,78.0,68.0,55.0,29.0,10.0,7,0,0,0,0,0,0,0,0,0,0,0,1,0
317,434,Toby Alderweireld,33,7.0,4.0,False,60.0,69.0,72.0,72.0,69.0,69.0,12.0,4,0,0,1,0,0,0,0,0,0,0,0,0,0
318,436,Raoul Bellanova,22,7.0,3.12,True,51.0,47.0,62.0,58.0,56.0,75.0,10.0,11,0,0,0,0,0,0,0,0,0,1,0,0,0
320,438,Morten Thorsby,26,7.0,3.0,False,65.0,73.0,67.0,77.0,71.0,74.0,10.0,1,0,1,0,0,0,0,0,0,0,0,0,0,0
321,439,Adam Ounas,25,7.0,3.0,False,57.0,53.0,52.0,62.0,66.0,72.0,11.0,7,0,0,0,0,0,0,0,0,0,0,1,0,0
322,442,Oliver Abildgaard,26,7.0,1.0,True,66.0,69.0,78.0,69.0,64.0,41.0,11.0,0,0,0,0,0,1,0,0,0,0,0,0,0,0
325,447,Anthony Caci,25,7.0,0.0,False,62.0,51.0,79.0,72.0,56.0,21.0,10.0,1,0,0,0,0,0,0,0,0,1,0,0,0,0
326,448,Milot Rashica,26,7.0,0.0,True,65.0,75.0,79.0,64.0,64.0,43.0,13.0,14,0,0,0,0,0,0,0,0,0,0,1,0,0
327,451,Colin Dagba,23,7.0,0.0,True,58.0,69.0,59.0,68.0,66.0,73.0,10.0,7,0,0,0,0,0,0,0,0,0,0,0,1,0
328,455,Jack Stephens,28,7.0,0.0,True,68.0,66.0,72.0,76.0,70.0,70.0,9.0,9,0,0,1,0,0,0,0,0,0,0,0,0,0
329,461,Thomas Strakosha,27,7.0,0.0,False,56.0,57.0,79.0,51.0,47.0,23.0,12.0,9,0,0,0,0,0,1,0,0,0,0,0,0,0
330,462,Stefano Sensi,26,7.0,0.0,True,62.0,71.0,80.0,71.0,57.0,33.0,13.0,11,0,1,0,0,0,0,0,0,0,0,0,0,0
331,463,Ghislain Konan,26,7.0,0.0,False,61.0,67.0,81.0,65.0,56.0,22.0,10.0,10,0,0,0,0,0,0,0,0,1,0,0,0,0
332,464,Miguel Borja,29,3.7,6.7,False,61.0,71.0,70.0,68.0,68.0,68.0,10.0,0,0,0,0,1,0,0,0,0,0,0,0,0,0
333,468,Alberth Elis,26,6.5,6.0,False,62.0,67.0,84.0,68.0,53.0,39.0,9.0,0,0,0,0,0,0,0,0,0,0,0,1,0,0
334,471,Mostafa Mohamed,24,6.5,3.85,False,52.0,57.0,76.0,62.0,58.0,73.0,9.0,14,0,0,0,1,0,0,0,0,0,0,0,0,0
336,473,Andreaw Gravillon,24,6.5,3.0,False,71.0,68.0,76.0,78.0,71.0,43.0,12.0,7,0,0,1,0,0,0,0,0,0,0,0,0,0
339,476,Niklas Stark,27,6.5,0.0,False,63.0,60.0,66.0,70.0,67.0,71.0,8.0,1,0,0,1,0,0,0,0,0,0,0,0,0,0
340,477,Jed Wallace,28,6.5,0.0,False,68.0,68.0,72.0,66.0,60.0,27.0,11.0,2,0,0,0,0,0,0,0,0,0,0,1,0,0
341,480,Junior Messias,31,6.0,6.2,False,57.0,58.0,82.0,66.0,62.0,67.0,11.0,11,0,0,0,0,0,0,0,0,0,0,1,0,0
342,481,Victor Boniface,21,700k,6.1,False,69.0,74.0,65.0,67.0,68.0,57.0,10.0,4,0,0,0,1,0,0,0,0,0,0,0,0,0
343,482,Gonzalo Plata,21,6.0,9.0,False,63.0,68.0,67.0,68.0,69.0,67.0,11.0,5,0,0,0,0,0,0,0,0,0,0,1,0,0
344,483,Yusuf Demir,19,5.0,6.0,False,58.0,50.0,63.0,70.0,53.0,36.0,12.0,14,0,0,0,0,0,0,0,0,0,0,1,0,0
345,485,Santiago Gimenez,21,4.0,6.0,False,57.0,63.0,71.0,70.0,65.0,72.0,13.0,3,0,0,0,1,0,0,0,0,0,0,0,0,0
346,486,Mario Gila,21,500k,6.0,False,56.0,52.0,66.0,69.0,62.0,72.0,11.0,11,0,0,1,0,0,0,0,0,0,0,0,0,0
347,487,Fernando,23,5.0,6.0,False,53.0,66.0,54.0,72.0,65.0,85.0,11.0,1,0,0,0,1,0,0,0,0,0,0,0,0,0
348,491,Bjorn Meijer,19,3.0,6.0,False,69.0,69.0,73.0,67.0,68.0,67.0,12.0,4,0,0,0,0,0,0,0,0,1,0,0,0,0
349,492,Christian Benteke,31,6.0,5.46,False,41.0,34.0,47.0,53.0,48.0,69.0,10.0,8,0,0,0,1,0,0,0,0,0,0,0,0,0
350,494,Valentin Rosier,25,6.0,4.8,False,64.0,74.0,76.0,65.0,62.0,52.0,10.0,14,0,0,0,0,0,0,0,0,0,0,0,1,0
351,495,Anel Ahmedhodzic,23,6.0,4.5,False,61.0,51.0,66.0,65.0,56.0,32.0,12.0,2,0,0,1,0,0,0,0,0,0,0,0,0,0
352,502,Willy Boly,31,6.0,2.6,False,66.0,67.0,79.0,64.0,56.0,28.0,10.0,9,0,0,1,0,0,0,0,0,0,0,0,0,0
353,503,Bartlomiej Dragowski,24,6.0,2.45,False,46.0,46.0,67.0,63.0,53.0,71.0,11.0,11,0,0,0,0,0,1,0,0,0,0,0,0,0
354,504,Eric Bailly,28,6.0,2.0,True,63.0,72.0,77.0,67.0,64.0,46.0,9.0,7,0,0,1,0,0,0,0,0,0,0,0,0,0
355,505,Amadou Diawara,25,6.0,1.89,False,63.0,79.0,77.0,61.0,68.0,49.0,12.0,4,0,0,0,0,1,0,0,0,0,0,0,0,0
356,506,Daniel Wass,33,6.0,1.75,False,65.0,67.0,78.0,67.0,55.0,32.0,11.0,13,0,1,0,0,0,0,0,0,0,0,0,0,0
357,507,Marc Bartra,31,6.0,1.25,False,72.0,76.0,74.0,67.0,74.0,36.0,8.0,14,0,0,1,0,0,0,0,0,0,0,0,0,0
358,508,Lorenzo Lucca,21,6.0,1.0,True,54.0,60.0,67.0,62.0,64.0,76.0,10.0,3,0,0,0,1,0,0,0,0,0,0,0,0,0
359,510,Florent Mollet,30,6.0,500000.0,False,53.0,58.0,49.0,74.0,64.0,71.0,10.0,1,1,0,0,0,0,0,0,0,0,0,0,0,0
360,511,Tino Kadewere,26,6.0,400000.0,True,79.0,70.0,65.0,76.0,78.0,44.0,11.0,5,0,0,0,1,0,0,0,0,0,0,0,0,0
361,512,Mergim Berisha,24,6.0,300000.0,True,60.0,64.0,78.0,56.0,63.0,69.0,10.0,1,0,0,0,1,0,0,0,0,0,0,0,0,0
362,514,Filip Uremovic,25,6.0,0.0,False,59.0,53.0,72.0,64.0,51.0,16.0,11.0,1,0,0,1,0,0,0,0,0,0,0,0,0,0
363,515,Lys Mousset,26,6.0,0.0,False,65.0,53.0,63.0,72.0,55.0,19.0,10.0,1,0,0,0,1,0,0,0,0,0,0,0,0,0
364,516,Ermedin Demirovic,24,6.0,0.0,False,45.0,44.0,46.0,57.0,57.0,72.0,12.0,1,0,0,0,1,0,0,0,0,0,0,0,0,0
365,517,Mohamed Daramy,20,6.0,0.0,True,57.0,60.0,67.0,63.0,58.0,75.0,12.0,13,0,0,0,0,0,0,0,1,0,0,0,0,0
366,519,Stefan Ortega,29,6.0,0.0,False,44.0,43.0,61.0,62.0,55.0,64.0,11.0,9,0,0,0,0,0,1,0,0,0,0,0,0,0
367,521,Hannibal,19,6.0,0.0,True,60.0,59.0,67.0,75.0,63.0,63.0,11.0,2,1,0,0,0,0,0,0,0,0,0,0,0,0
368,524,Valentino Lazaro,26,6.0,0.0,True,56.0,56.0,73.0,61.0,58.0,65.0,11.0,11,0,0,0,0,0,0,0,0,0,1,0,0,0
369,526,Callum Robinson,27,6.0,0.0,False,72.0,77.0,77.0,66.0,63.0,49.0,11.0,2,0,0,0,1,0,0,0,0,0,0,0,0,0
370,527,Aaron Connolly,22,6.0,0.0,True,59.0,56.0,69.0,66.0,55.0,65.0,10.0,12,0,0,0,1,0,0,0,0,0,0,0,0,0
371,528,Zack Steffen,27,6.0,0.0,True,65.0,60.0,69.0,74.0,53.0,33.0,11.0,2,0,0,0,0,0,1,0,0,0,0,0,0,0
372,530,Martin Braithwaite,31,6.0,0.0,False,19.0,23.0,41.0,45.0,32.0,17.0,76.0,5,0,0,0,1,0,0,0,0,0,0,0,0,0
373,533,Marin Pongracic,24,6.0,0.0,True,50.0,46.0,67.0,66.0,53.0,66.0,11.0,11,0,0,1,0,0,0,0,0,0,0,0,0,0
374,534,Adil Aouchiche,20,6.0,0.0,False,57.0,56.0,58.0,68.0,44.0,15.0,10.0,7,1,0,0,0,0,0,0,0,0,0,0,0,0
375,535,Jordan Amavi,28,6.0,0.0,True,65.0,72.0,72.0,72.0,66.0,63.0,12.0,5,0,0,0,0,0,0,0,0,1,0,0,0,0
376,536,Artem Dzyuba,33,6.0,0.0,False,48.0,57.0,65.0,67.0,56.0,66.0,8.0,14,0,0,0,1,0,0,0,0,0,0,0,0,0
377,537,Mahdi Camara,24,6.0,0.0,True,21.0,17.0,47.0,43.0,34.0,22.0,75.0,7,0,1,0,0,0,0,0,0,0,0,0,0,0
378,539,Matt Turner,28,5.0,5.9,False,68.0,62.0,77.0,71.0,59.0,32.0,13.0,9,0,0,0,0,0,1,0,0,0,0,0,0,0
379,540,Darko Gyabi,18,0,5.8,False,59.0,59.0,69.0,62.0,57.0,66.0,10.0,9,0,1,0,0,0,0,0,0,0,0,0,0,0
380,543,Janis Antiste,20,4.0,5.68,False,69.0,60.0,82.0,71.0,64.0,44.0,8.0,11,0,0,0,1,0,0,0,0,0,0,0,0,0
381,544,Casper Nielsen,28,5.5,7.0,False,62.0,71.0,79.0,70.0,68.0,63.0,8.0,4,0,1,0,0,0,0,0,0,0,0,0,0,0
382,546,Petar Musa,24,5.0,5.5,False,58.0,49.0,56.0,65.0,49.0,23.0,11.0,6,0,0,0,1,0,0,0,0,0,0,0,0,0
384,547,Williot Swedberg,18,5.0,5.5,False,60.0,70.0,82.0,62.0,58.0,39.0,10.0,5,1,0,0,0,0,0,0,0,0,0,0,0,0
385,548,Johan Mojica,30,5.0,5.5,False,59.0,69.0,72.0,69.0,66.0,63.0,10.0,5,0,0,0,0,0,0,0,0,1,0,0,0,0
386,549,Vincent Janssen,28,2.5,5.5,False,51.0,53.0,68.0,58.0,51.0,65.0,8.0,4,0,0,0,1,0,0,0,0,0,0,0,0,0
387,550,Oriol Romeu,30,5.0,5.5,False,61.0,69.0,65.0,68.0,70.0,60.0,14.0,5,0,0,0,0,1,0,0,0,0,0,0,0,0
388,551,Arne Maier,23,5.5,5.0,False,60.0,64.0,75.0,58.0,53.0,20.0,9.0,1,0,1,0,0,0,0,0,0,0,0,0,0,0
389,553,Alessandro Florenzi,31,5.5,2.7,False,63.0,61.0,74.0,62.0,53.0,34.0,9.0,11,0,0,0,0,0,0,0,0,0,0,0,1,0
390,554,Sead Haksabanovic,23,5.5,2.5,False,48.0,52.0,81.0,63.0,54.0,57.0,10.0,0,0,0,0,0,0,0,0,1,0,0,0,0,0
391,556,Abdulrahman Ghareeb,25,3.0,5.25,False,71.0,78.0,72.0,68.0,60.0,39.0,9.0,10,0,0,0,0,0,0,0,1,0,0,0,0,0
392,557,Anthony Modeste,34,3.0,5.1,False,51.0,61.0,67.0,62.0,62.0,76.0,13.0,1,0,0,0,1,0,0,0,0,0,0,0,0,0
393,558,Andrea Cambiaso,22,5.0,12.85,False,55.0,48.0,65.0,60.0,56.0,61.0,11.0,11,0,0,0,0,0,0,0,0,1,0,0,0,0
395,559,Kristian Thorstvedt,23,5.0,10.15,False,63.0,70.0,76.0,62.0,64.0,59.0,12.0,11,1,0,0,0,0,0,0,0,0,0,0,0,0
396,560,Raphael Onyedika,21,5.0,9.5,False,60.0,54.0,67.0,72.0,57.0,24.0,7.0,4,0,0,0,0,1,0,0,0,0,0,0,0,0
397,562,Ko Itakura,25,5.0,5.0,False,65.0,58.0,70.0,68.0,58.0,25.0,8.0,1,0,0,1,0,0,0,0,0,0,0,0,0,0
398,563,Wilfried Kanga,24,2.2,5.0,False,67.0,69.0,79.0,72.0,71.0,74.0,10.0,1,0,0,0,1,0,0,0,0,0,0,0,0,0
399,564,Pablo Torre,19,3.0,5.0,False,58.0,68.0,71.0,55.0,51.0,25.0,10.0,5,0,1,0,0,0,0,0,0,0,0,0,0,0
400,565,Thomas Henry,27,5.0,5.0,False,13.0,16.0,29.0,34.0,23.0,13.0,61.0,11,0,0,0,1,0,0,0,0,0,0,0,0,0
401,566,Domagoj Bradaric,22,3.5,5.0,False,64.0,69.0,74.0,72.0,58.0,29.0,12.0,11,0,0,0,0,0,0,0,0,1,0,0,0,0
402,567,Federico Bonazzoli,25,5.0,5.0,False,47.0,45.0,64.0,60.0,54.0,74.0,11.0,11,0,0,0,1,0,0,0,0,0,0,0,0,0
403,568,Adam Masina,28,3.0,5.0,False,57.0,61.0,63.0,67.0,63.0,68.0,9.0,11,0,0,0,0,0,0,0,0,1,0,0,0,0
404,571,Salis Abdul Samed,22,3.0,5.0,False,57.0,50.0,65.0,67.0,49.0,23.0,10.0,7,0,0,0,0,1,0,0,0,0,0,0,0,0
405,572,Brice Samba,28,2.5,5.0,False,43.0,44.0,64.0,59.0,48.0,67.0,10.0,7,0,0,0,0,0,1,0,0,0,0,0,0,0
406,574,Jurgen Ekkelenkamp,22,3.5,5.0,False,67.0,58.0,71.0,74.0,57.0,21.0,12.0,4,1,0,0,0,0,0,0,0,0,0,0,0,0
407,576,Davide Bettella,22,2.0,5.0,False,55.0,60.0,80.0,61.0,56.0,58.0,10.0,11,0,0,1,0,0,0,0,0,0,0,0,0,0
408,577,Luis Milla,27,5.0,5.0,False,58.0,61.0,80.0,67.0,58.0,38.0,9.0,5,0,1,0,0,0,0,0,0,0,0,0,0,0
409,579,Calvin Ramsay,18,5.0,4.9,False,60.0,63.0,72.0,68.0,65.0,63.0,9.0,9,0,0,0,0,0,0,0,0,0,0,0,1,0
410,581,Ignatius Ganago,23,5.0,4.4,False,63.0,61.0,70.0,63.0,50.0,21.0,11.0,7,0,0,0,1,0,0,0,0,0,0,0,0,0
411,582,Johann Lepenant,19,5.0,4.25,False,60.0,65.0,64.0,71.0,67.0,74.0,10.0,7,0,0,0,0,1,0,0,0,0,0,0,0,0
414,585,Jean Onana,22,5.0,4.0,False,54.0,61.0,77.0,63.0,57.0,66.0,9.0,7,0,0,0,0,1,0,0,0,0,0,0,0,0
415,586,Ezequiel Ponce,25,5.0,4.0,False,52.0,63.0,65.0,64.0,62.0,63.0,7.0,5,0,0,0,1,0,0,0,0,0,0,0,0,0
416,587,Andrea Carboni,21,5.0,4.0,False,65.0,69.0,64.0,64.0,55.0,30.0,11.0,11,0,0,1,0,0,0,0,0,0,0,0,0,0
417,589,Maxim Leitsch,24,5.0,3.5,False,65.0,64.0,71.0,70.0,67.0,71.0,13.0,1,0,0,1,0,0,0,0,0,0,0,0,0,0
418,591,Jackson Muleka,22,5.0,3.35,False,49.0,51.0,56.0,63.0,59.0,71.0,11.0,14,0,0,0,1,0,0,0,0,0,0,0,0,0
419,592,Mario Vuskovic,20,5.0,3.0,False,43.0,44.0,67.0,55.0,48.0,71.0,9.0,0,0,0,1,0,0,0,0,0,0,0,0,0,0
420,593,Jordan Torunarigha,24,5.0,3.0,False,66.0,55.0,68.0,74.0,64.0,28.0,10.0,4,0,0,1,0,0,0,0,0,0,0,0,0,0
421,594,Pablo Maffeo,24,5.0,3.0,False,63.0,67.0,73.0,71.0,66.0,79.0,10.0,5,0,0,0,0,0,0,0,0,0,0,0,1,0
422,596,Josh Cullen,26,5.0,3.0,False,49.0,54.0,70.0,61.0,55.0,68.0,10.0,2,0,1,0,0,0,0,0,0,0,0,0,0,0
423,598,Simon Banza,25,5.0,2.96,False,22.0,20.0,57.0,50.0,34.0,14.0,79.0,6,0,0,0,1,0,0,0,0,0,0,0,0,0
424,601,Tonny Vilhena,27,5.0,2.5,False,64.0,69.0,72.0,77.0,66.0,68.0,8.0,5,0,1,0,0,0,0,0,0,0,0,0,0,0
426,603,Umut Bozok,25,5.0,2.0,False,59.0,54.0,60.0,68.0,59.0,75.0,9.0,14,0,0,0,1,0,0,0,0,0,0,0,0,0
427,604,Jimmy Cabot,28,5.0,2.0,False,66.0,60.0,70.0,71.0,62.0,26.0,11.0,7,0,0,0,0,0,0,0,0,0,1,0,0,0
430,606,Dominik Kohr,28,5.0,1.5,False,52.0,49.0,60.0,66.0,58.0,69.0,10.0,1,0,0,0,0,1,0,0,0,0,0,0,0,0
431,607,Lucas Perrin,23,5.0,1.5,False,56.0,59.0,79.0,65.0,55.0,37.0,12.0,7,0,0,1,0,0,0,0,0,0,0,0,0,0
432,608,Marcelino Moreno,28,5.0,1.5,False,52.0,60.0,64.0,55.0,63.0,60.0,11.0,0,1,0,0,0,0,0,0,0,0,0,0,0,0
433,609,Jan Kuchta,25,5.0,1.0,True,49.0,50.0,59.0,57.0,52.0,72.0,9.0,0,0,0,0,1,0,0,0,0,0,0,0,0,0
434,610,Henry Onyekuru,25,5.0,1.0,True,57.0,51.0,60.0,65.0,53.0,73.0,11.0,14,0,0,0,0,0,0,0,1,0,0,0,0,0
435,612,Jack Hendry,27,5.0,600000.0,True,54.0,63.0,68.0,50.0,64.0,57.0,10.0,11,0,0,1,0,0,0,0,0,0,0,0,0,0
436,613,Mathew Ryan,30,5.0,500000.0,False,54.0,64.0,59.0,60.0,51.0,43.0,9.0,13,0,0,0,0,0,1,0,0,0,0,0,0,0
437,614,Ludwig Augustinsson,28,5.0,500000.0,True,63.0,61.0,69.0,61.0,55.0,21.0,11.0,9,0,0,0,0,0,0,0,0,1,0,0,0,0
440,616,Nemanja Matic,33,5.0,0.0,False,66.0,73.0,79.0,66.0,59.0,38.0,10.0,11,0,0,0,0,1,0,0,0,0,0,0,0,0
441,617,Junior Dina Ebimbe,21,5.0,0.0,True,70.0,78.0,64.0,67.0,73.0,67.0,8.0,1,0,1,0,0,0,0,0,0,0,0,0,0,0
442,619,Sepp van den Berg,20,5.0,0.0,True,71.0,66.0,72.0,71.0,65.0,35.0,10.0,1,0,0,1,0,0,0,0,0,0,0,0,0,0
443,620,Sebastiano Esposito,20,5.0,0.0,True,13.0,15.0,44.0,40.0,28.0,12.0,65.0,4,0,0,0,1,0,0,0,0,0,0,0,0,0
444,621,Amos Pieper,24,5.0,0.0,False,45.0,43.0,44.0,57.0,50.0,70.0,12.0,1,0,0,1,0,0,0,0,0,0,0,0,0,0
445,623,Tom Lawrence,28,5.0,0.0,False,18.0,19.0,39.0,37.0,29.0,19.0,70.0,0,0,0,0,0,0,0,0,1,0,0,0,0,0
446,625,Aaron Mooy,31,5.0,0.0,False,55.0,58.0,66.0,50.0,46.0,29.0,9.0,0,0,1,0,0,0,0,0,0,0,0,0,0,0
447,628,Rodrigo Muniz,21,5.0,0.0,True,64.0,75.0,76.0,71.0,67.0,55.0,9.0,2,0,0,0,1,0,0,0,0,0,0,0,0,0
448,632,Benjamin Lecomte,31,5.0,0.0,True,64.0,58.0,67.0,68.0,55.0,21.0,7.0,5,0,0,0,0,0,1,0,0,0,0,0,0,0
449,633,Sebastian Walukiewicz,22,5.0,0.0,True,17.0,17.0,34.0,41.0,23.0,11.0,70.0,11,0,0,1,0,0,0,0,0,0,0,0,0,0
450,634,Shane Duffy,30,5.0,0.0,True,73.0,68.0,68.0,74.0,67.0,79.0,11.0,9,0,0,1,0,0,0,0,0,0,0,0,0,0
451,636,Giuseppe Pezzella,24,5.0,0.0,True,69.0,61.0,75.0,68.0,53.0,23.0,10.0,11,0,0,0,0,0,0,0,0,1,0,0,0,0
452,638,Jeff Hendrick,30,5.0,0.0,True,55.0,45.0,61.0,67.0,56.0,68.0,10.0,2,0,1,0,0,0,0,0,0,0,0,0,0,0
453,639,Gonzalo Villar,24,5.0,0.0,True,58.0,64.0,68.0,66.0,70.0,69.0,11.0,11,0,1,0,0,0,0,0,0,0,0,0,0,0
454,640,Ethan Laird,21,5.0,0.0,True,63.0,73.0,64.0,71.0,72.0,73.0,11.0,2,0,0,0,0,0,0,0,0,0,0,0,1,0
455,641,Riechedly Bazoer,25,5.0,0.0,False,21.0,20.0,60.0,47.0,26.0,16.0,72.0,3,0,0,1,0,0,0,0,0,0,0,0,0,0
456,642,Ian Maatsen,20,5.0,0.0,True,63.0,52.0,69.0,73.0,56.0,26.0,14.0,2,0,0,0,0,0,0,0,0,1,0,0,0,0
457,643,Levi Colwill,19,5.0,0.0,True,59.0,65.0,73.0,56.0,55.0,44.0,9.0,9,0,0,1,0,0,0,0,0,0,0,0,0,0
458,645,Antonio Blanco,22,5.0,0.0,True,54.0,50.0,68.0,67.0,48.0,17.0,10.0,5,0,0,0,0,1,0,0,0,0,0,0,0,0
459,648,Steven Alzate,23,5.0,0.0,True,72.0,75.0,75.0,77.0,72.0,72.0,9.0,4,0,1,0,0,0,0,0,0,0,0,0,0,0
460,649,Fernando Pacheco,30,5.0,0.0,False,64.0,53.0,69.0,68.0,57.0,18.0,9.0,5,0,0,0,0,0,1,0,0,0,0,0,0,0
461,654,Marcos Paulo,21,5.0,0.0,True,65.0,62.0,62.0,72.0,64.0,24.0,10.0,0,0,0,0,0,0,0,0,1,0,0,0,0,0
462,655,David Ospina,33,5.0,0.0,False,83.0,83.0,76.0,79.0,72.0,51.0,10.0,10,0,0,0,0,0,1,0,0,0,0,0,0,0
463,657,Anthony Nwakaeme,33,5.0,0.0,False,64.0,70.0,82.0,60.0,61.0,58.0,8.0,10,0,0,0,0,0,0,0,1,0,0,0,0,0
464,659,Dia Saba,29,4.8,0.0,False,74.0,76.0,62.0,78.0,70.0,17.0,2.0,14,1,0,0,0,0,0,0,0,0,0,0,0,0
465,663,Nicolas Moumi Ngamaleu,28,4.7,2.0,False,63.0,77.0,77.0,68.0,62.0,32.0,12.0,0,0,0,0,0,0,0,0,1,0,0,0,0,0
466,665,Denis Vavro,26,3.0,4.5,False,18.0,20.0,54.0,49.0,29.0,19.0,74.0,13,0,0,1,0,0,0,0,0,0,0,0,0,0
467,669,Allahyar Sayyadmanesh,21,2.5,4.5,False,67.0,74.0,68.0,61.0,68.0,52.0,10.0,2,0,0,0,0,0,0,0,0,0,0,1,0,0
468,671,Pietro Pellegri,21,4.5,4.2,False,45.0,45.0,59.0,58.0,51.0,71.0,10.0,11,0,0,0,1,0,0,0,0,0,0,0,0,0
469,672,Jamie Leweling,21,4.5,4.0,False,66.0,56.0,78.0,71.0,57.0,33.0,10.0,1,0,0,0,0,0,0,0,0,0,0,1,0,0
470,673,Patrick Berg,24,4.5,4.0,False,65.0,61.0,77.0,71.0,61.0,27.0,10.0,0,0,0,0,0,1,0,0,0,0,0,0,0,0
471,674,Andraz Sporar,28,4.5,3.5,False,50.0,44.0,58.0,63.0,59.0,67.0,10.0,0,0,0,0,1,0,0,0,0,0,0,0,0,0
472,675,Luca Kilian,22,4.5,2.0,False,66.0,68.0,70.0,68.0,70.0,81.0,9.0,1,0,0,1,0,0,0,0,0,0,0,0,0,0
473,676,Ezequiel Bullaude,21,4.5,2.0,False,61.0,63.0,68.0,67.0,58.0,20.0,9.0,3,1,0,0,0,0,0,0,0,0,0,0,0,0
474,677,Moussa Sissoko,32,4.5,2.0,False,51.0,53.0,71.0,57.0,55.0,64.0,11.0,7,0,1,0,0,0,0,0,0,0,0,0,0,0
475,680,Christopher Jullien,29,4.5,1.0,False,70.0,59.0,67.0,72.0,56.0,21.0,10.0,7,0,0,1,0,0,0,0,0,0,0,0,0,0
476,682,Hiroki Ito,23,4.5,400000.0,False,57.0,61.0,73.0,68.0,57.0,66.0,14.0,1,0,0,1,0,0,0,0,0,0,0,0,0,0
477,684,Oliver Burke,25,4.5,0.0,False,64.0,75.0,72.0,75.0,66.0,67.0,10.0,1,0,0,0,1,0,0,0,0,0,0,0,0,0
478,685,Benjamin Verbic,28,4.5,0.0,False,66.0,71.0,73.0,79.0,71.0,70.0,11.0,0,0,0,0,0,0,0,0,1,0,0,0,0,0
479,686,Bernard,29,4.5,0.0,False,68.0,65.0,77.0,68.0,63.0,18.0,12.0,0,0,0,0,0,0,0,0,1,0,0,0,0,0
480,687,Wylan Cyprien,27,4.5,0.0,True,58.0,68.0,83.0,62.0,53.0,39.0,12.0,0,0,1,0,0,0,0,0,0,0,0,0,0,0
481,688,Junior Sambia,25,4.5,0.0,False,59.0,55.0,65.0,73.0,51.0,19.0,10.0,11,0,0,0,0,0,0,0,0,0,0,0,1,0
482,690,Jordan Beyer,22,4.5,0.0,True,70.0,73.0,74.0,71.0,69.0,65.0,12.0,2,0,0,1,0,0,0,0,0,0,0,0,0,0
483,692,David Okereke,24,4.5,0.0,False,65.0,71.0,73.0,67.0,56.0,36.0,7.0,11,0,0,0,1,0,0,0,0,0,0,0,0,0
484,694,Dimitrios Pelkas,28,4.5,0.0,True,61.0,67.0,79.0,67.0,67.0,64.0,11.0,2,1,0,0,0,0,0,0,0,0,0,0,0,0
485,695,Ilan Kebbal,24,4.5,0.0,True,47.0,54.0,54.0,64.0,61.0,74.0,12.0,0,1,0,0,0,0,0,0,0,0,0,0,0,0
486,703,Pablo Solari,21,1.8,4.2,False,64.0,57.0,70.0,66.0,56.0,24.0,11.0,0,0,0,0,0,0,0,0,0,0,0,1,0,0
487,704,Stefano Denswil,29,4.2,0.0,False,71.0,55.0,46.0,66.0,72.0,38.0,10.0,14,0,0,1,0,0,0,0,0,0,0,0,0,0
488,705,Michele Di Gregorio,24,3.8,4.15,False,61.0,63.0,74.0,66.0,62.0,66.0,10.0,11,0,0,0,0,0,1,0,0,0,0,0,0,0
489,706,Veljko Birmancevic,24,3.5,4.1,False,59.0,66.0,69.0,63.0,62.0,60.0,11.0,7,0,0,0,0,0,0,0,0,0,0,1,0,0
490,707,Bosko Sutalo,22,3.0,4.05,False,60.0,54.0,54.0,68.0,63.0,78.0,11.0,0,0,0,1,0,0,0,0,0,0,0,0,0,0
491,708,Jens Stage,25,3.5,4.0,False,45.0,41.0,56.0,59.0,46.0,70.0,11.0,1,0,1,0,0,0,0,0,0,0,0,0,0,0
492,709,Filippo Melegoni,23,2.0,4.0,False,62.0,70.0,61.0,66.0,65.0,62.0,11.0,12,0,1,0,0,0,0,0,0,0,0,0,0,0
493,711,Sotiris Alexandropoulos,20,3.0,4.0,False,56.0,62.0,75.0,58.0,56.0,58.0,9.0,6,0,1,0,0,0,0,0,0,0,0,0,0,0
494,712,Jaka Bijol,23,3.5,4.0,False,50.0,58.0,58.0,68.0,56.0,68.0,11.0,11,0,0,1,0,0,0,0,0,0,0,0,0,0
495,713,Enzo Ebosse,23,2.0,4.0,False,60.0,57.0,75.0,69.0,63.0,72.0,11.0,11,0,0,1,0,0,0,0,0,0,0,0,0,0
496,714,Francesco Caputo,34,2.5,4.0,False,59.0,51.0,65.0,59.0,66.0,75.0,8.0,11,0,0,0,1,0,0,0,0,0,0,0,0,0
497,715,Alan Virginius,19,2.0,4.0,False,70.0,72.0,73.0,72.0,68.0,55.0,10.0,7,0,0,0,0,0,0,0,1,0,0,0,0,0
498,716,Benson Manuel,25,3.0,4.0,False,54.0,61.0,76.0,63.0,57.0,70.0,13.0,2,0,0,0,0,0,0,0,0,0,0,1,0,0
499,717,Anass Zaroury,21,1.2,4.0,False,64.0,69.0,66.0,65.0,68.0,65.0,10.0,2,0,0,0,0,0,0,0,1,0,0,0,0,0
500,720,Emil Bohinen,23,4.0,3.85,False,67.0,73.0,73.0,68.0,61.0,44.0,12.0,11,0,0,0,0,1,0,0,0,0,0,0,0,0
501,721,Martin Hongla,24,4.0,3.7,False,53.0,56.0,65.0,63.0,56.0,70.0,9.0,11,0,0,0,0,1,0,0,0,0,0,0,0,0
502,722,Marcus Forss,23,4.0,3.6,False,64.0,55.0,67.0,73.0,63.0,35.0,9.0,2,0,0,0,1,0,0,0,0,0,0,0,0,0
503,723,Hidemasa Morita,27,4.0,3.45,False,54.0,59.0,80.0,61.0,61.0,65.0,12.0,6,0,1,0,0,0,0,0,0,0,0,0,0,0
504,725,Rabbi Matondo,21,4.0,3.0,False,52.0,56.0,74.0,60.0,52.0,69.0,12.0,0,0,0,0,0,0,0,0,1,0,0,0,0,0
505,726,Luuk de Jong,31,4.0,3.0,False,65.0,68.0,80.0,56.0,63.0,52.0,11.0,3,0,0,0,1,0,0,0,0,0,0,0,0,0
506,727,Alejandro Pozo,23,4.0,3.0,False,67.0,74.0,66.0,70.0,74.0,71.0,11.0,5,0,0,0,0,0,0,0,0,0,0,0,1,0
507,731,Andy Pelmard,22,4.0,2.0,False,67.0,67.0,66.0,72.0,73.0,74.0,10.0,0,0,0,1,0,0,0,0,0,0,0,0,0,0
508,732,Dan Ndoye,21,4.0,2.0,False,62.0,68.0,72.0,59.0,54.0,21.0,9.0,0,0,0,0,0,0,0,0,0,0,0,1,0,0
509,733,Walter Bou,28,4.0,2.0,False,54.0,65.0,71.0,57.0,53.0,37.0,9.0,0,0,0,0,1,0,0,0,0,0,0,0,0,0
510,734,Gonzalo Melero,28,4.0,1.9,False,48.0,45.0,53.0,56.0,51.0,70.0,12.0,5,0,1,0,0,0,0,0,0,0,0,0,0,0
511,736,Elvis Rexhbecaj,24,4.0,1.7,False,57.0,67.0,67.0,68.0,64.0,61.0,11.0,1,0,1,0,0,0,0,0,0,0,0,0,0,0
512,737,Dylan Bronn,27,4.0,1.56,False,70.0,69.0,72.0,75.0,64.0,58.0,9.0,11,0,0,1,0,0,0,0,0,0,0,0,0,0
513,741,Yann Karamoh,24,4.0,1.0,False,60.0,71.0,72.0,75.0,72.0,59.0,13.0,11,0,0,0,0,0,0,0,1,0,0,0,0,0
514,742,Kasper Schmeichel,35,4.0,1.0,False,63.0,68.0,60.0,67.0,65.0,63.0,9.0,7,0,0,0,0,0,1,0,0,0,0,0,0,0
515,744,Zaydou Youssouf,23,4.0,1.0,False,43.0,45.0,53.0,56.0,54.0,71.0,8.0,6,0,1,0,0,0,0,0,0,0,0,0,0,0
516,747,Falaye Sacko,27,4.0,500000.0,True,64.0,59.0,65.0,70.0,53.0,17.0,14.0,7,0,0,0,0,0,0,0,0,0,0,0,1,0
517,749,Emre Akbaba,29,4.0,500000.0,False,64.0,56.0,70.0,69.0,58.0,18.0,9.0,14,1,0,0,0,0,0,0,0,0,0,0,0,0
518,750,Otabek Shukurov,26,4.0,420000.0,False,57.0,69.0,67.0,73.0,58.0,71.0,11.0,14,0,1,0,0,0,0,0,0,0,0,0,0,0
519,752,Bartosz Bialek,20,4.0,200000.0,True,51.0,55.0,46.0,60.0,56.0,62.0,8.0,3,0,0,0,1,0,0,0,0,0,0,0,0,0
520,754,Axel Witsel,33,4.0,0.0,False,49.0,47.0,62.0,59.0,50.0,70.0,11.0,5,0,0,1,0,0,0,0,0,0,0,0,0,0
521,755,Jonjoe Kenny,25,4.0,0.0,False,64.0,71.0,74.0,75.0,67.0,61.0,8.0,1,0,0,0,0,0,0,0,0,0,0,0,1,0
522,756,Ivan Sunjic,25,4.0,0.0,True,67.0,67.0,64.0,68.0,61.0,70.0,8.0,1,0,0,0,0,1,0,0,0,0,0,0,0,0
523,758,Francesco Acerbi,34,4.0,0.0,True,64.0,68.0,72.0,71.0,52.0,39.0,13.0,11,0,0,1,0,0,0,0,0,0,0,0,0,0
524,759,Danilho Doekhi,24,4.0,0.0,False,60.0,67.0,69.0,69.0,65.0,70.0,12.0,1,0,0,1,0,0,0,0,0,0,0,0,0,0
525,760,Felix Mambimbi,21,4.0,0.0,True,68.0,56.0,72.0,74.0,65.0,35.0,11.0,3,0,0,0,0,0,0,0,1,0,0,0,0,0
526,761,Dries Mertens,35,4.0,0.0,False,13.0,16.0,45.0,41.0,23.0,12.0,67.0,14,0,0,0,0,0,0,0,0,0,0,0,0,1
527,764,Jakub Jankto,26,4.0,0.0,True,51.0,54.0,59.0,58.0,45.0,68.0,10.0,0,0,0,0,0,0,0,1,0,0,0,0,0,0
528,765,Danilo,23,4.0,0.0,False,63.0,63.0,79.0,74.0,63.0,66.0,8.0,3,0,0,0,1,0,0,0,0,0,0,0,0,0
529,766,Oussama Idrissi,26,4.0,0.0,True,62.0,70.0,65.0,75.0,62.0,69.0,10.0,3,0,0,0,0,0,0,0,1,0,0,0,0,0
530,768,Mattia Aramu,27,4.0,0.0,True,66.0,64.0,81.0,78.0,60.0,29.0,10.0,12,1,0,0,0,0,0,0,0,0,0,0,0,0
531,769,Roberto Piccoli,21,4.0,0.0,True,59.0,62.0,70.0,72.0,68.0,67.0,11.0,11,0,0,0,1,0,0,0,0,0,0,0,0,0
532,770,M'Baye Niang,27,4.0,0.0,False,51.0,58.0,73.0,46.0,58.0,37.0,9.0,7,0,0,0,1,0,0,0,0,0,0,0,0,0
533,771,Krystian Bielik,24,4.0,0.0,True,55.0,59.0,66.0,64.0,50.0,77.0,11.0,2,0,0,0,0,1,0,0,0,0,0,0,0,0
534,772,Sergio Asenjo,33,4.0,0.0,False,60.0,67.0,74.0,64.0,61.0,64.0,10.0,5,0,0,0,0,0,1,0,0,0,0,0,0,0
535,774,Erik Botheim,22,4.0,0.0,False,61.0,65.0,78.0,69.0,65.0,62.0,12.0,11,0,0,0,1,0,0,0,0,0,0,0,0,0
536,775,Xavi Simons,19,4.0,0.0,False,61.0,72.0,85.0,63.0,58.0,30.0,10.0,3,1,0,0,0,0,0,0,0,0,0,0,0,0
537,776,Cole Bassett,21,4.0,0.0,True,58.0,60.0,73.0,60.0,55.0,32.0,11.0,3,1,0,0,0,0,0,0,0,0,0,0,0,0
538,777,Nemanja Radonjic,26,4.0,0.0,True,64.0,56.0,70.0,69.0,56.0,24.0,10.0,11,0,0,0,0,0,0,0,1,0,0,0,0,0
539,778,Chidozie Awaziem,25,4.0,0.0,True,39.0,44.0,56.0,53.0,47.0,58.0,9.0,0,0,0,1,0,0,0,0,0,0,0,0,0,0
540,780,Mathieu Cafaro,25,4.0,0.0,True,70.0,71.0,61.0,70.0,63.0,43.0,11.0,0,0,0,0,0,0,0,0,0,0,0,1,0,0
541,783,Willian,34,4.0,0.0,False,62.0,69.0,71.0,66.0,49.0,14.0,9.0,9,0,0,0,0,0,0,0,1,0,0,0,0,0
542,784,Arnaud Nordin,24,4.0,0.0,False,68.0,67.0,65.0,64.0,66.0,65.0,11.0,7,0,0,0,0,0,0,0,0,0,0,1,0,0
543,785,Wahbi Khazri,31,4.0,0.0,False,58.0,60.0,80.0,53.0,51.0,28.0,10.0,7,0,0,0,0,0,0,0,1,0,0,0,0,0
544,786,Hamza Choudhury,24,4.0,0.0,True,64.0,68.0,72.0,78.0,74.0,67.0,10.0,2,0,0,0,0,1,0,0,0,0,0,0,0,0
545,787,Kortney Hause,27,4.0,0.0,True,57.0,51.0,69.0,71.0,57.0,26.0,12.0,2,0,0,1,0,0,0,0,0,0,0,0,0,0
546,789,Mamadou Loum,25,4.0,0.0,True,44.0,46.0,53.0,61.0,47.0,65.0,11.0,2,0,0,0,0,1,0,0,0,0,0,0,0,0
547,792,Edinson Cavani,35,4.0,0.0,False,46.0,53.0,75.0,57.0,57.0,64.0,10.0,5,0,0,0,1,0,0,0,0,0,0,0,0,0
548,794,Akim Zedadka,27,4.0,0.0,False,57.0,59.0,60.0,53.0,47.0,32.0,9.0,7,0,0,0,0,0,0,0,0,0,0,0,1,0
549,796,Rhys Williams,21,4.0,0.0,True,64.0,75.0,77.0,65.0,64.0,43.0,11.0,2,0,0,1,0,0,0,0,0,0,0,0,0,0
550,797,Folarin Balogun,21,4.0,0.0,True,67.0,57.0,65.0,74.0,58.0,33.0,8.0,7,0,0,0,1,0,0,0,0,0,0,0,0,0
551,798,Erison,23,4.0,0.0,True,63.0,60.0,72.0,73.0,61.0,64.0,11.0,6,0,0,0,1,0,0,0,0,0,0,0,0,0
552,802,Harold Moukoudi,24,4.0,0.0,False,61.0,67.0,70.0,71.0,68.0,65.0,9.0,0,0,0,1,0,0,0,0,0,0,0,0,0,0
553,803,Joseba Zaldua,30,4.0,0.0,False,67.0,65.0,69.0,73.0,66.0,38.0,12.0,5,0,0,0,0,0,0,0,0,0,0,0,1,0
554,806,Jaime Seoane,25,4.0,0.0,False,65.0,64.0,61.0,72.0,69.0,60.0,13.0,5,0,1,0,0,0,0,0,0,0,0,0,0,0
555,812,Valentin Antov,21,800k,3.9,False,71.0,74.0,85.0,74.0,66.0,55.0,11.0,11,0,0,1,0,0,0,0,0,0,0,0,0,0
556,814,Gennaro Tutino,25,3.8,5.75,False,65.0,62.0,83.0,72.0,58.0,25.0,12.0,12,0,0,0,1,0,0,0,0,0,0,0,0,0
557,815,Charles Pickel,25,2.5,3.8,False,58.0,62.0,67.0,60.0,61.0,47.0,12.0,11,0,0,0,0,1,0,0,0,0,0,0,0,0
558,816,Ozan Tufan,27,3.8,3.0,False,62.0,72.0,76.0,63.0,64.0,52.0,12.0,2,1,0,0,0,0,0,0,0,0,0,0,0,0
559,817,Adam Maher,28,3.8,1.8,False,66.0,69.0,65.0,75.0,67.0,78.0,13.0,10,0,1,0,0,0,0,0,0,0,0,0,0,0
560,819,Josha Vagnoman,21,3.0,3.7,False,55.0,60.0,71.0,68.0,66.0,59.0,13.0,1,0,0,0,0,0,0,0,0,0,0,0,1,0
561,821,Walid Cheddira,24,250k,3.68,False,57.0,54.0,71.0,56.0,54.0,52.0,9.0,12,0,0,0,1,0,0,0,0,0,0,0,0,0
562,822,Emiliano Rigoni,29,3.5,3.65,False,47.0,55.0,72.0,64.0,59.0,73.0,10.0,8,0,0,0,0,0,0,0,0,0,0,1,0,0
563,823,Josh Doig,20,3.0,3.6,False,16.0,19.0,51.0,39.0,27.0,13.0,71.0,11,0,0,0,0,0,0,0,0,1,0,0,0,0
564,825,Jens Odgaard,23,2.0,3.59,False,13.0,13.0,39.0,32.0,18.0,11.0,68.0,3,0,0,0,0,0,0,0,0,0,0,1,0,0
565,826,Johan Carbonero,22,3.0,3.59,False,54.0,64.0,76.0,52.0,56.0,34.0,11.0,0,0,0,0,0,0,0,0,1,0,0,0,0,0
566,828,Robin Olsen,32,2.0,3.5,False,65.0,63.0,66.0,71.0,60.0,43.0,10.0,9,0,0,0,0,0,1,0,0,0,0,0,0,0
567,832,Jackson Porozo,21,3.0,3.5,False,71.0,70.0,64.0,71.0,67.0,27.0,12.0,7,0,0,1,0,0,0,0,0,0,0,0,0,0
568,833,Darko Churlinov,22,1.3,3.5,False,18.0,24.0,43.0,48.0,34.0,12.0,74.0,2,0,0,0,0,0,0,0,1,0,0,0,0,0
569,834,Emanuel Aiwu,21,3.0,3.5,False,57.0,61.0,67.0,59.0,61.0,78.0,8.0,11,0,0,1,0,0,0,0,0,0,0,0,0,0
570,835,Marko Milovanovic,18,1.2,3.5,False,55.0,48.0,66.0,62.0,50.0,55.0,10.0,5,0,0,0,1,0,0,0,0,0,0,0,0,0
571,837,Michel Aebischer,25,3.5,3.0,False,55.0,58.0,69.0,68.0,60.0,64.0,10.0,11,0,1,0,0,0,0,0,0,0,0,0,0,0
572,839,Riccardo Calafiori,20,3.5,2.6,False,65.0,65.0,74.0,71.0,67.0,71.0,9.0,0,0,0,1,0,0,0,0,0,0,0,0,0,0
573,840,Ivan Provedel,28,3.5,2.55,False,37.0,37.0,55.0,48.0,48.0,67.0,9.0,11,0,0,0,0,0,1,0,0,0,0,0,0,0
574,841,Kevin Agudelo,23,3.5,2.5,False,46.0,69.0,60.0,62.0,59.0,70.0,13.0,11,1,0,0,0,0,0,0,0,0,0,0,0,0
575,842,Sargis Adamyan,29,3.5,2.0,False,60.0,56.0,58.0,73.0,64.0,75.0,12.0,1,0,0,0,1,0,0,0,0,0,0,0,0,0
576,843,Maxime Busi,22,3.5,2.0,False,58.0,68.0,71.0,61.0,62.0,61.0,9.0,7,0,0,0,0,0,0,0,0,0,0,0,1,0
577,844,Dedryck Boyata,31,3.5,2.0,False,57.0,61.0,76.0,62.0,57.0,44.0,10.0,4,0,0,1,0,0,0,0,0,0,0,0,0,0
578,845,Tahith Chong,22,3.5,1.75,False,41.0,40.0,58.0,69.0,54.0,69.0,9.0,2,0,0,0,0,0,0,0,0,0,0,1,0,0
579,846,Daizen Maeda,24,3.5,1.53,False,56.0,62.0,72.0,55.0,54.0,30.0,11.0,0,0,0,0,0,0,0,0,1,0,0,0,0,0
580,847,Rodrigo Zalazar,22,3.5,1.5,False,52.0,55.0,74.0,64.0,59.0,62.0,11.0,1,0,1,0,0,0,0,0,0,0,0,0,0,0
581,848,Adrien Hunou,28,3.5,1.5,False,57.0,65.0,75.0,64.0,66.0,67.0,12.0,7,0,0,0,1,0,0,0,0,0,0,0,0,0
582,849,Gabriel Charpentier,23,3.5,1.4,False,59.0,63.0,63.0,61.0,57.0,69.0,10.0,12,0,0,0,1,0,0,0,0,0,0,0,0,0
583,850,Halil Akbunar,28,3.5,1.0,False,57.0,59.0,75.0,61.0,48.0,33.0,10.0,4,0,0,0,0,0,0,0,0,0,0,1,0,0
584,851,Magnus Kofod Andersen,23,3.5,510000.0,False,63.0,61.0,69.0,72.0,59.0,23.0,8.0,12,0,1,0,0,0,0,0,0,0,0,0,0,0
585,860,Lee Buchanan,21,3.5,0.0,False,10.0,13.0,42.0,43.0,17.0,12.0,67.0,1,0,0,0,0,0,0,0,0,1,0,0,0,0
586,861,Janik Haberer,28,3.5,0.0,False,45.0,43.0,61.0,58.0,52.0,75.0,11.0,1,0,1,0,0,0,0,0,0,0,0,0,0,0
587,865,Jack Clarke,21,3.5,0.0,False,52.0,58.0,55.0,53.0,61.0,56.0,12.0,2,0,0,0,0,0,0,0,1,0,0,0,0,0
588,866,Mihailo Ristic,26,3.5,0.0,False,53.0,55.0,69.0,69.0,60.0,72.0,10.0,6,0,0,0,0,0,0,0,0,1,0,0,0,0
589,867,Eddie Salcedo,20,3.5,0.0,True,65.0,71.0,75.0,68.0,66.0,68.0,9.0,12,0,0,0,1,0,0,0,0,0,0,0,0,0
590,869,Festy Ebosele,19,3.5,0.0,False,50.0,47.0,65.0,70.0,58.0,70.0,9.0,11,0,0,0,0,0,0,0,0,0,1,0,0,0
591,872,Shoya Nakajima,28,3.5,0.0,False,52.0,51.0,64.0,64.0,58.0,75.0,12.0,14,1,0,0,0,0,0,0,0,0,0,0,0,0
592,873,Marko Pjaca,27,3.5,0.0,True,61.0,65.0,78.0,69.0,65.0,62.0,12.0,11,0,0,0,0,0,0,0,1,0,0,0,0,0
593,874,Marlon,25,3.5,0.0,False,46.0,50.0,58.0,61.0,56.0,74.0,12.0,14,0,0,0,0,0,0,0,0,1,0,0,0,0
594,877,Bryan Reynolds,21,3.5,0.0,True,59.0,61.0,67.0,63.0,53.0,34.0,9.0,4,0,0,0,0,0,0,0,0,0,0,0,1,0
595,878,Joe Rothwell,27,3.5,0.0,False,59.0,63.0,63.0,61.0,57.0,69.0,10.0,9,0,1,0,0,0,0,0,0,0,0,0,0,0
596,879,Lorenzo Colombo,20,3.5,0.0,True,54.0,63.0,66.0,59.0,58.0,52.0,12.0,11,0,0,0,1,0,0,0,0,0,0,0,0,0
597,880,Callum Styles,22,3.5,0.0,True,61.0,62.0,75.0,55.0,61.0,36.0,10.0,2,0,1,0,0,0,0,0,0,0,0,0,0,0
598,881,Patrick Cutrone,24,3.5,0.0,False,22.0,31.0,56.0,50.0,40.0,19.0,76.0,12,0,0,0,1,0,0,0,0,0,0,0,0,0
599,882,Ismaily,32,3.5,0.0,False,54.0,60.0,71.0,74.0,59.0,65.0,12.0,7,0,0,0,0,0,0,0,0,1,0,0,0,0
600,885,Robert Muric,26,3.5,0.0,False,55.0,55.0,70.0,57.0,56.0,32.0,13.0,14,0,0,0,0,0,0,0,0,0,0,1,0,0
601,894,Luca Moro,21,3.5,0.0,True,55.0,59.0,68.0,54.0,57.0,70.0,12.0,12,0,0,0,1,0,0,0,0,0,0,0,0,0
602,896,Zinedine Ferhat,29,3.5,0.0,False,47.0,56.0,65.0,64.0,55.0,60.0,10.0,14,0,0,0,0,0,0,0,0,0,0,1,0,0
603,899,Joakim Nilsson,28,3.5,0.0,False,58.0,61.0,84.0,54.0,48.0,24.0,11.0,0,0,0,1,0,0,0,0,0,0,0,0,0,0
604,900,Elias Cobbaut,24,3.0,3.46,False,66.0,71.0,66.0,73.0,69.0,64.0,10.0,12,0,0,1,0,0,0,0,0,0,0,0,0,0
605,901,Ahmed Musa,29,3.4,0.0,False,45.0,53.0,55.0,66.0,58.0,71.0,9.0,14,0,0,0,0,0,0,0,1,0,0,0,0,0
606,902,Jayden Oosterwolde,21,1.0,3.3,False,52.0,58.0,73.0,64.0,59.0,68.0,9.0,12,0,0,0,0,0,0,0,0,1,0,0,0,0
607,904,Emanuel Emegha,19,900k,3.24,False,64.0,70.0,73.0,63.0,61.0,56.0,11.0,1,0,0,0,1,0,0,0,0,0,0,0,0,0
608,905,Isak Hien,23,1.0,3.2,False,58.0,68.0,64.0,69.0,64.0,71.0,11.0,11,0,0,1,0,0,0,0,0,0,0,0,0,0
609,909,Ebrima Colley,22,3.2,50000.0,True,68.0,60.0,61.0,78.0,63.0,30.0,11.0,14,0,0,0,0,0,0,0,0,0,0,1,0,0
610,913,Hugo Cuypers,25,3.0,4.6,False,56.0,57.0,84.0,61.0,52.0,37.0,11.0,4,0,0,0,1,0,0,0,0,0,0,0,0,0
611,914,Arkadiusz Reca,27,3.0,3.9,False,55.0,50.0,47.0,65.0,61.0,72.0,12.0,11,0,0,0,0,0,0,0,0,1,0,0,0,0
612,915,Ishaq Abdulrazak,20,3.0,3.0,False,65.0,70.0,69.0,70.0,70.0,76.0,12.0,4,0,1,0,0,0,0,0,0,0,0,0,0,0
613,917,Osman Bukari,23,3.0,3.0,False,60.0,69.0,55.0,65.0,64.0,46.0,10.0,0,0,0,0,0,0,0,0,0,0,0,1,0,0
614,918,Nicolai Vallys,25,1.5,3.0,False,54.0,60.0,65.0,61.0,62.0,69.0,13.0,13,1,0,0,0,0,0,0,0,0,0,0,0,0
615,919,Mamadou Coulibaly,23,2.5,3.0,False,12.0,14.0,37.0,37.0,19.0,9.0,66.0,11,0,1,0,0,0,0,0,0,0,0,0,0,0
616,920,Robert Ljubicic,22,2.5,3.0,False,62.0,61.0,60.0,74.0,54.0,29.0,9.0,0,0,1,0,0,0,0,0,0,0,0,0,0,0
617,921,Matthew Hoppe,21,1.0,3.0,False,18.0,20.0,49.0,40.0,27.0,15.0,66.0,2,0,0,0,1,0,0,0,0,0,0,0,0,0
618,923,Liberato Cacace,21,2.5,3.0,False,57.0,60.0,77.0,58.0,52.0,27.0,12.0,11,0,0,0,0,0,0,0,0,1,0,0,0,0
619,928,Arijanet Muric,23,2.6,3.0,False,65.0,75.0,75.0,55.0,60.0,30.0,10.0,2,0,0,0,0,0,1,0,0,0,0,0,0,0
620,929,Rasmus Carstensen,21,1.5,3.0,False,61.0,67.0,76.0,66.0,59.0,29.0,14.0,4,0,0,0,0,0,0,0,0,0,0,0,1,0
621,931,Luca Valzania,26,1.2,3.0,False,56.0,63.0,52.0,74.0,66.0,72.0,10.0,11,0,1,0,0,0,0,0,0,0,0,0,0,0
622,932,Luca Zanimacchia,23,2.0,3.0,False,59.0,65.0,73.0,67.0,64.0,64.0,10.0,11,0,0,0,0,0,0,0,0,0,0,1,0,0
623,934,Matteo Tramoni,22,2.2,3.0,False,63.0,70.0,78.0,77.0,71.0,71.0,9.0,12,0,0,0,0,0,0,0,1,0,0,0,0,0
624,935,Marcel Tisserand,29,2.8,3.0,False,65.0,71.0,77.0,61.0,53.0,32.0,11.0,10,0,0,1,0,0,0,0,0,0,0,0,0,0
625,937,Lukas Lerager,28,3.0,2.7,False,61.0,70.0,70.0,73.0,67.0,73.0,11.0,13,0,1,0,0,0,0,0,0,0,0,0,0,0
626,938,Matt Clarke,25,3.0,2.6,False,49.0,46.0,55.0,60.0,54.0,73.0,10.0,2,0,0,1,0,0,0,0,0,0,0,0,0,0
627,939,Hrvoje Smolcic,21,3.0,2.5,False,46.0,47.0,60.0,60.0,49.0,66.0,10.0,1,0,0,1,0,0,0,0,0,0,0,0,0,0
628,940,Antonio Colak,28,3.0,2.5,False,47.0,49.0,56.0,62.0,53.0,71.0,11.0,0,0,0,0,1,0,0,0,0,0,0,0,0,0
629,941,Nathan,20,3.0,2.0,False,12.0,15.0,47.0,38.0,20.0,13.0,67.0,0,0,0,0,0,0,0,0,0,0,0,0,1,0
630,944,Philip Zinckernagel,27,3.0,2.0,False,65.0,71.0,81.0,70.0,58.0,41.0,13.0,0,0,0,0,0,0,0,0,1,0,0,0,0,0
632,948,Abdul Mumin,24,3.0,1.5,False,51.0,56.0,68.0,64.0,56.0,71.0,13.0,5,0,0,1,0,0,0,0,0,0,0,0,0,0
633,952,Eric Martel,20,3.0,1.2,False,51.0,58.0,61.0,64.0,58.0,67.0,11.0,1,0,0,0,0,1,0,0,0,0,0,0,0,0
634,956,Jasper Cillessen,33,3.0,1.0,False,71.0,78.0,52.0,70.0,74.0,54.0,11.0,3,0,0,0,0,0,1,0,0,0,0,0,0,0
635,957,Julen Lobete,21,3.0,1.0,False,61.0,72.0,85.0,63.0,58.0,30.0,10.0,5,0,0,0,1,0,0,0,0,0,0,0,0,0
637,958,Abdelhamid Sabiri,25,3.0,1.0,False,69.0,59.0,58.0,70.0,59.0,25.0,9.0,11,1,0,0,0,0,0,0,0,0,0,0,0,0
638,959,Abdou Harroui,24,3.0,1.0,False,59.0,67.0,61.0,64.0,60.0,64.0,9.0,11,0,1,0,0,0,0,0,0,0,0,0,0,0
639,960,Julian Gressel,28,3.0,890000.0,False,37.0,36.0,51.0,58.0,49.0,67.0,9.0,8,0,0,0,0,0,0,0,0,0,1,0,0,0
640,963,Sebastiano Luperto,25,3.0,500000.0,True,67.0,53.0,67.0,79.0,61.0,29.0,12.0,11,0,0,1,0,0,0,0,0,0,0,0,0,0
641,964,Sam Lammers,25,3.0,500000.0,True,61.0,59.0,61.0,65.0,62.0,62.0,10.0,11,0,0,0,1,0,0,0,0,0,0,0,0,0
642,971,Viktor Kovalenko,26,3.0,100000.0,True,53.0,49.0,57.0,63.0,56.0,68.0,10.0,11,1,0,0,0,0,0,0,0,0,0,0,0,0
643,972,Kristian Pedersen,27,3.0,0.0,False,48.0,58.0,71.0,55.0,46.0,65.0,8.0,1,0,0,0,0,0,0,0,0,1,0,0,0,0
644,973,Jayden Braaf,19,3.0,0.0,False,19.0,21.0,48.0,48.0,32.0,13.0,73.0,0,0,0,0,0,0,0,0,1,0,0,0,0,0
645,976,Tyler Morton,19,3.0,0.0,True,66.0,65.0,64.0,68.0,59.0,17.0,12.0,2,0,0,0,0,1,0,0,0,0,0,0,0,0
646,977,Modibo Sagnan,23,3.0,0.0,True,49.0,49.0,67.0,63.0,53.0,67.0,11.0,3,0,0,1,0,0,0,0,0,0,0,0,0,0
647,979,Jacob Rasmussen,25,3.0,0.0,True,60.0,62.0,67.0,69.0,62.0,59.0,8.0,3,0,0,1,0,0,0,0,0,0,0,0,0,0
650,983,Edouard Michut,19,3.0,0.0,True,50.0,62.0,70.0,58.0,56.0,45.0,12.0,2,0,1,0,0,0,0,0,0,0,0,0,0,0
651,984,James McAtee,19,3.0,0.0,True,50.0,51.0,79.0,55.0,53.0,62.0,11.0,2,0,1,0,0,0,0,0,0,0,0,0,0,0
652,985,Sergio Camello,21,3.0,0.0,True,41.0,40.0,61.0,56.0,49.0,69.0,11.0,5,0,0,0,1,0,0,0,0,0,0,0,0,0
653,986,Jarrad Branthwaite,20,3.0,0.0,True,53.0,62.0,63.0,59.0,59.0,56.0,9.0,3,0,0,1,0,0,0,0,0,0,0,0,0,0
654,987,Matteo Cancellieri,20,3.0,0.0,True,61.0,60.0,71.0,72.0,54.0,22.0,11.0,11,0,0,0,0,0,0,0,0,0,0,1,0,0
655,988,Aaron Ramsey,31,3.0,0.0,False,61.0,67.0,72.0,69.0,65.0,69.0,11.0,7,0,1,0,0,0,0,0,0,0,0,0,0,0
656,989,Joe Bryan,28,3.0,0.0,True,61.0,64.0,56.0,67.0,68.0,72.0,11.0,7,0,0,0,0,0,0,0,0,1,0,0,0,0
657,990,Josip Drmic,29,3.0,0.0,False,67.0,59.0,59.0,71.0,58.0,28.0,9.0,0,0,0,0,1,0,0,0,0,0,0,0,0,0
660,992,Toni Borevkovic,25,3.0,0.0,True,59.0,54.0,60.0,70.0,59.0,25.0,8.0,0,0,0,1,0,0,0,0,0,0,0,0,0,0
661,993,Gabriel Vidovic,18,3.0,0.0,True,13.0,21.0,42.0,37.0,20.0,11.0,66.0,3,0,0,0,0,0,0,0,1,0,0,0,0,0
662,994,Radoslaw Majecki,22,3.0,0.0,True,56.0,57.0,73.0,59.0,47.0,19.0,11.0,4,0,0,0,0,0,1,0,0,0,0,0,0,0
663,995,Heitor,21,3.0,0.0,True,61.0,69.0,72.0,62.0,65.0,63.0,11.0,4,0,0,0,0,0,0,0,0,0,0,0,1,0
664,999,Jaden Philogene,20,3.0,0.0,True,55.0,53.0,80.0,71.0,54.0,33.0,10.0,2,0,0,0,0,0,0,0,1,0,0,0,0,0
665,1000,Ryan Giles,22,3.0,0.0,True,59.0,57.0,70.0,73.0,56.0,19.0,11.0,2,0,0,0,0,0,0,0,0,1,0,0,0,0
666,1001,Darragh Lenihan,28,3.0,0.0,False,45.0,50.0,73.0,55.0,55.0,65.0,11.0,2,0,0,1,0,0,0,0,0,0,0,0,0,0
667,1003,Marcelo,34,3.0,0.0,False,53.0,62.0,80.0,55.0,51.0,29.0,9.0,0,0,0,0,0,0,0,0,0,1,0,0,0,0
668,1006,Kristoffer Olsson,27,3.0,0.0,True,46.0,50.0,56.0,63.0,56.0,63.0,12.0,13,0,1,0,0,0,0,0,0,0,0,0,0,0
669,1010,Faitout Maouassa,23,3.0,0.0,True,57.0,61.0,72.0,63.0,58.0,31.0,11.0,7,0,0,0,0,0,0,0,0,1,0,0,0,0
670,1013,Evann Guessand,21,3.0,0.0,True,61.0,61.0,76.0,67.0,53.0,19.0,9.0,7,0,0,0,1,0,0,0,0,0,0,0,0,0
671,1014,Wladimiro Falcone,27,3.0,0.0,True,61.0,58.0,65.0,70.0,62.0,45.0,10.0,11,0,0,0,0,0,1,0,0,0,0,0,0,0
672,1015,Mario Gaspar,31,3.0,0.0,False,54.0,52.0,75.0,59.0,50.0,16.0,11.0,2,0,0,1,0,0,0,0,0,0,0,0,0,0
673,1016,Charlie Cresswell,19,3.0,0.0,True,58.0,69.0,82.0,66.0,66.0,44.0,9.0,2,0,0,1,0,0,0,0,0,0,0,0,0,0
674,1017,Ignacio Pussetto,26,3.0,0.0,True,58.0,58.0,81.0,71.0,58.0,51.0,13.0,11,0,0,0,0,0,0,0,0,0,0,1,0,0
675,1018,Tino Anjorin,20,3.0,0.0,True,54.0,59.0,71.0,57.0,49.0,26.0,7.0,2,1,0,0,0,0,0,0,0,0,0,0,0,0
676,1019,Michal Helik,26,3.0,0.0,False,48.0,52.0,56.0,53.0,54.0,68.0,11.0,2,0,0,1,0,0,0,0,0,0,0,0,0,0
677,1022,Yvan Neyou,25,3.0,0.0,True,67.0,68.0,76.0,65.0,69.0,68.0,12.0,0,0,0,0,0,1,0,0,0,0,0,0,0,0
678,1023,Hernani,28,3.0,0.0,True,49.0,58.0,64.0,63.0,58.0,72.0,12.0,12,0,1,0,0,0,0,0,0,0,0,0,0,0
679,1024,Gautier Larsonneur,25,3.0,0.0,True,58.0,55.0,72.0,63.0,52.0,14.0,10.0,0,0,0,0,0,0,1,0,0,0,0,0,0,0
680,1025,Maximiliano Romero,23,3.0,0.0,True,60.0,73.0,77.0,60.0,66.0,36.0,13.0,0,0,0,0,1,0,0,0,0,0,0,0,0,0
681,1028,Gonzalo Maroni,23,3.0,0.0,True,64.0,54.0,45.0,75.0,67.0,32.0,11.0,0,1,0,0,0,0,0,0,0,0,0,0,0,0
682,1030,Carlos Izquierdoz,33,3.0,0.0,False,23.0,21.0,53.0,45.0,34.0,14.0,78.0,0,0,0,1,0,0,0,0,0,0,0,0,0,0
683,1031,Wahid Faghir,19,3.0,0.0,True,64.0,72.0,83.0,75.0,69.0,64.0,11.0,13,0,0,0,1,0,0,0,0,0,0,0,0,0
686,1036,Houboulang Mendes,24,3.0,0.0,False,61.0,56.0,69.0,68.0,58.0,18.0,8.0,5,0,0,0,0,0,0,0,0,0,0,0,1,0
687,1037,Fabrizio Angileri,28,3.0,0.0,False,49.0,37.0,41.0,64.0,56.0,68.0,10.0,5,0,0,0,0,0,0,0,0,1,0,0,0,0
688,1038,Michael Estrada,26,3.0,0.0,True,52.0,62.0,66.0,57.0,61.0,62.0,9.0,0,0,0,0,1,0,0,0,0,0,0,0,0,0
689,1041,Matteo Ricci,28,3.0,0.0,True,61.0,66.0,76.0,68.0,55.0,48.0,12.0,14,0,0,0,0,1,0,0,0,0,0,0,0,0
690,1042,Bersant Celina,25,3.0,0.0,True,51.0,53.0,53.0,63.0,54.0,72.0,8.0,14,1,0,0,0,0,0,0,0,0,0,0,0,0
691,1044,Ahmed Hassan,29,3.0,0.0,True,61.0,58.0,71.0,60.0,48.0,23.0,9.0,14,0,0,0,1,0,0,0,0,0,0,0,0,0
692,1048,Gareth Bale,32,3.0,0.0,False,60.0,65.0,70.0,71.0,61.0,58.0,12.0,8,0,0,0,0,0,0,0,0,0,0,1,0,0
693,1050,Arthur Gomes,24,1.5,2.9,False,23.0,24.0,50.0,46.0,35.0,13.0,72.0,6,0,0,0,0,0,0,0,1,0,0,0,0,0
694,1051,Scott Twine,22,0,2.9,False,65.0,58.0,68.0,69.0,56.0,26.0,9.0,2,1,0,0,0,0,0,0,0,0,0,0,0,0
695,1056,Luca Pfeiffer,25,2.0,2.85,False,43.0,47.0,54.0,60.0,52.0,66.0,7.0,1,0,0,0,1,0,0,0,0,0,0,0,0,0
696,1058,Mario Balotelli,32,2.8,2.62,False,62.0,54.0,61.0,63.0,47.0,18.0,4.0,0,0,0,0,1,0,0,0,0,0,0,0,0,0
697,1063,Sean Klaiber,28,2.8,0.0,False,48.0,56.0,73.0,60.0,53.0,67.0,7.0,3,0,0,0,0,0,0,0,0,0,0,0,1,0
698,1064,Fabio Depaoli,25,2.8,0.0,True,58.0,60.0,60.0,66.0,63.0,55.0,11.0,11,0,0,0,0,0,0,0,0,0,0,0,1,0
699,1065,Birger Verstraete,28,2.8,0.0,True,62.0,59.0,57.0,63.0,63.0,68.0,10.0,4,0,0,0,0,1,0,0,0,0,0,0,0,0
700,1066,Sam Larsson,29,2.8,0.0,False,61.0,62.0,77.0,72.0,58.0,30.0,9.0,14,0,0,0,0,0,0,0,1,0,0,0,0,0
701,1068,Carel Eiting,24,2.8,0.0,False,63.0,55.0,73.0,71.0,54.0,17.0,11.0,3,0,1,0,0,0,0,0,0,0,0,0,0,0
702,1070,Yvon Mvogo,28,2.8,0.0,False,62.0,63.0,73.0,66.0,58.0,33.0,11.0,7,0,0,0,0,0,1,0,0,0,0,0,0,0
703,1071,Lautaro Morales,22,2.8,0.0,True,74.0,62.0,64.0,79.0,66.0,38.0,9.0,0,0,0,0,0,0,1,0,0,0,0,0,0,0
704,1073,Armando Izzo,30,2.8,0.0,True,58.0,62.0,75.0,61.0,52.0,27.0,11.0,11,0,0,1,0,0,0,0,0,0,0,0,0,0
